Second,microtesla
0.1,24.379305
0.2,24.379305
0.3,29.735691
0.4,29.735691
0.5,29.735691
0.6,30.425518
0.7,30.425518
0.8,30.425518
0.9,30.69505
1.0,30.69505
1.1,30.69505
1.2,31.24763
1.3,31.24763
1.4,31.24763
1.5,31.135496
1.6,31.135496
1.7,31.135496
1.8,30.462515
1.9,30.462515
2.0,30.462515
2.1,30.425497
2.2,30.425497
2.3,30.425497
2.4,30.467762
2.5,30.467762
2.6,30.467762
2.7,30.453665
2.8,30.453665
2.9,30.453665
3.0,31.556831
3.1,31.556831
3.2,31.556831
3.3,32.03401
3.4,32.03401
3.5,32.03401
3.6,31.521826
3.7,31.521826
3.8,31.521826
3.9,30.962343
4.0,30.962343
4.1,30.962343
4.2,31.038506
4.3,31.038506
4.4,31.038506
4.5,31.103788
4.6,31.103788
4.7,31.103788
4.8,31.143911
4.9,31.143911
5.0,31.143911
5.1,31.626705
5.2,31.626705
5.3,31.626705
5.4,31.183905
5.5,31.183905
5.6,31.183905
5.7,31.19085
5.8,31.19085
5.9,31.19085
6.0,30.94493
6.1,30.94493
6.2,30.94493
6.3,31.130346
6.4,31.130346
6.5,31.130346
6.6,31.119831
6.7,31.119831
6.8,31.119831
6.9,30.726686
7.0,30.726686
7.1,30.726686
7.2,31.264177
7.3,31.264177
7.4,31.264177
7.5,31.812323
7.6,31.812323
7.7,31.812323
7.8,31.772585
7.9,31.772585
8.0,31.772585
8.1,31.633413
8.2,31.633413
8.3,31.633413
8.4,31.978342
8.5,31.978342
8.6,31.978342
8.7,31.843206
8.8,31.843206
8.9,31.843206
9.0,31.24184
9.1,31.24184
9.2,31.24184
9.3,31.54246
9.4,31.54246
9.5,31.54246
9.6,31.052723
9.7,31.052723
9.8,31.052723
9.9,31.102375
10.0,31.102375
10.1,31.102375
10.2,31.459816
10.3,31.459816
10.4,31.459816
10.5,30.800999
10.6,30.800999
10.7,30.800999
10.8,30.702461
10.9,30.702461
11.0,30.702461
11.1,31.1653
11.2,31.1653
11.3,31.1653
11.4,31.178564
11.5,31.178564
11.6,31.178564
11.7,30.805002
11.8,30.805002
11.9,30.805002
12.0,31.05169
12.1,31.05169
12.2,31.05169
12.3,31.488125
12.4,31.488125
12.5,31.488125
12.6,31.398855
12.7,31.398855
12.8,31.398855
12.9,31.62354
13.0,31.62354
13.1,31.62354
13.2,31.237688
13.3,31.237688
13.4,31.237688
13.5,31.292728
13.6,31.292728
13.7,31.292728
13.8,30.958675
13.9,30.958675
14.0,30.958675
14.1,30.948887
14.2,30.948887
14.3,30.948887
14.4,31.271784
14.5,31.271784
14.6,31.271784
14.7,31.24337
14.8,31.24337
14.9,31.24337
15.0,30.710104
15.1,30.710104
15.2,30.710104
15.3,30.285892
15.4,30.285892
15.5,30.285892
15.6,29.894817
15.7,29.894817
15.8,29.894817
15.9,29.674484
16.0,29.674484
16.1,29.674484
16.2,30.163471
16.3,30.163471
16.4,30.163471
16.5,30.33249
16.6,30.33249
16.7,30.33249
16.8,30.450441
16.9,30.450441
17.0,30.450441
17.1,30.478474
17.2,30.478474
17.3,30.478474
17.4,30.424623
17.5,30.424623
17.6,30.424623
17.7,29.981424
17.8,29.981424
17.9,29.981424
18.0,30.474499
18.1,30.474499
18.2,30.474499
18.3,30.71344
18.4,30.71344
18.5,30.71344
18.6,30.511879
18.7,30.511879
18.8,30.448406
18.9,30.540316
19.0,30.540316
19.1,30.540316
19.2,31.231077
19.3,31.231077
19.4,31.231077
19.5,31.08708
19.6,31.08708
19.7,31.08708
19.8,31.006054
19.9,31.006054
20.0,31.006054
20.1,31.29993
20.2,31.29993
20.3,31.29993
20.4,31.91633
20.5,31.91633
20.6,31.91633
20.7,31.990751
20.8,31.990751
20.9,31.990751
21.0,31.443485
21.1,31.443485
21.2,31.443485
21.3,30.62885
21.4,30.62885
21.5,30.62885
21.6,31.08505
21.7,31.08505
21.8,31.08505
21.9,31.477549
22.0,31.477549
22.1,31.477549
22.2,30.91426
22.3,30.91426
22.4,30.91426
22.5,31.059277
22.6,31.059277
22.7,31.059277
22.8,31.228605
22.9,31.228605
23.0,31.228605
23.1,31.40645
23.2,31.40645
23.3,31.40645
23.4,31.222738
23.5,31.222738
23.6,31.222738
23.7,31.267267
23.8,31.267267
23.9,31.267267
24.0,31.90847
24.1,31.90847
24.2,31.90847
24.3,31.998726
24.4,31.998726
24.5,31.998726
24.6,32.062866
24.7,32.062866
24.8,32.062866
24.9,32.45891
25.0,32.45891
25.1,32.45891
25.2,32.29522
25.3,32.29522
25.4,32.29522
25.5,31.67326
25.6,31.67326
25.7,31.67326
25.8,31.28138
25.9,31.28138
26.0,31.28138
26.1,31.001749
26.2,31.001749
26.3,31.001749
26.4,31.153343
26.5,31.153343
26.6,31.153343
26.7,31.855984
26.8,31.855984
26.9,31.855984
27.0,31.954641
27.1,31.954641
27.2,31.954641
27.3,31.567558
27.4,31.567558
27.5,31.567558
27.6,31.380016
27.7,31.39736
27.8,31.39736
27.9,31.579363
28.0,31.579363
28.1,31.579363
28.2,31.33572
28.3,31.33572
28.4,31.33572
28.5,30.633802
28.6,30.633802
28.7,30.633802
28.8,30.016804
28.9,30.016804
29.0,30.016804
29.1,30.639023
29.2,30.639023
29.3,30.639023
29.4,30.817314
29.5,30.817314
29.6,30.817314
29.7,30.733618
29.8,30.733618
29.9,30.733618
30.0,30.038246
30.1,30.038246
30.2,30.038246
30.3,30.047745
30.4,30.047745
30.5,30.047745
30.6,29.892328
30.7,29.892328
30.8,29.892328
30.9,29.827026
31.0,29.827026
31.1,29.827026
31.2,30.931213
31.3,30.931213
31.4,30.931213
31.5,31.280201
31.6,31.280201
31.7,31.280201
31.8,31.093037
31.9,31.093037
32.0,31.093037
32.1,30.722141
32.2,30.722141
32.3,30.722141
32.4,30.171427
32.5,30.171427
32.6,30.171427
32.7,30.68249
32.8,30.68249
32.9,31.137547
33.0,31.409159
33.1,31.409159
33.2,31.409159
33.3,30.78649
33.4,30.78649
33.5,30.78649
33.6,30.693651
33.7,30.693651
33.8,30.693651
33.9,30.453674
34.0,30.453674
34.1,30.453674
34.2,30.044092
34.3,30.044092
34.4,30.044092
34.5,30.043255
34.6,30.043255
34.7,30.043255
34.8,30.989653
34.9,30.989653
35.0,30.989653
35.1,31.386358
35.2,31.386358
35.3,31.386358
35.4,31.287828
35.5,31.287828
35.6,31.287828
35.7,31.25163
35.8,31.25163
35.9,31.25163
36.0,31.24824
36.1,31.24824
36.2,31.24824
36.3,30.803892
36.4,30.803892
36.5,30.803892
36.6,30.612505
36.7,30.612505
36.8,30.612505
36.9,30.075695
37.0,30.075695
37.1,30.075695
37.2,30.438753
37.3,30.438753
37.4,30.438753
37.5,30.958223
37.6,30.958223
37.7,30.958223
37.8,31.116438
37.9,31.116438
38.0,31.116438
38.1,30.751657
38.2,30.751657
38.3,30.751657
38.4,30.357132
38.5,30.357132
38.6,30.357132
38.7,30.280443
38.8,30.280443
38.9,30.280443
39.0,30.315483
39.1,30.315483
39.2,30.315483
39.3,30.431444
39.4,30.431444
39.5,30.431444
39.6,30.548351
39.7,30.548351
39.8,30.548351
39.9,30.446703
40.0,30.446703
40.1,30.446703
40.2,30.133366
40.3,30.133366
40.4,30.133366
40.5,29.936115
40.6,29.936115
40.7,29.936115
40.8,30.184229
40.9,30.184229
41.0,30.184229
41.1,29.978888
41.2,29.978888
41.3,29.978888
41.4,29.602964
41.5,29.602964
41.6,29.602964
41.7,29.194752
41.8,29.072403
41.9,29.072403
42.0,29.078447
42.1,29.078447
42.2,29.078447
42.3,29.672855
42.4,29.672855
42.5,29.672855
42.6,29.708538
42.7,29.708538
42.8,29.708538
42.9,29.656677
43.0,29.656677
43.1,29.656677
43.2,29.991909
43.3,30.245667
43.4,30.245667
43.5,30.186728
43.6,30.186728
43.7,30.186728
43.8,29.749401
43.9,29.440954
44.0,29.440954
44.1,29.187063
44.2,29.187063
44.3,29.187063
44.4,29.564306
44.5,29.564306
44.6,29.564306
44.7,29.575928
44.8,29.575928
44.9,29.575928
45.0,29.294296
45.1,29.294296
45.2,29.294296
45.3,29.198595
45.4,29.198595
45.5,29.21371
45.6,29.257763
45.7,29.257763
45.8,29.257763
45.9,29.678715
46.0,29.678715
46.1,29.678715
46.2,29.556732
46.3,29.556732
46.4,29.556732
46.5,29.192213
46.6,29.192213
46.7,29.192213
46.8,29.562004
46.9,29.562004
47.0,29.668575
47.1,29.638607
47.2,29.638607
47.3,29.638607
47.4,29.551813
47.5,29.551813
47.6,29.558123
47.7,29.360283
47.8,29.360283
47.9,29.366783
48.0,29.470943
48.1,29.470943
48.2,29.37009
48.3,29.468363
48.4,29.468363
48.5,29.419664
48.6,29.42276
48.7,29.42276
48.8,29.42276
48.9,29.211746
49.0,29.211746
49.1,29.214937
49.2,29.083189
49.3,29.083189
49.4,29.024937
49.5,29.158062
49.6,29.158062
49.7,29.213326
49.8,29.658773
49.9,29.658773
50.0,29.643808
50.1,29.862265
50.2,29.862265
50.3,29.862265
50.4,29.579905
50.5,29.579905
50.6,29.751568
50.7,29.818909
50.8,29.818909
50.9,30.06048
51.0,30.218407
51.1,30.218407
51.2,30.218407
51.3,30.100813
51.4,30.100813
51.5,30.056255
51.6,29.523766
51.7,29.523766
51.8,29.523766
51.9,29.29872
52.0,29.29872
52.1,29.464272
52.2,30.03763
52.3,30.03763
52.4,30.035238
52.5,29.812218
52.6,29.812218
52.7,29.812218
52.8,29.737478
52.9,29.737478
53.0,29.844252
53.1,29.861887
53.2,29.861887
53.3,29.861887
53.4,30.415575
53.5,30.415575
53.6,30.415575
53.7,30.637707
53.8,30.637707
53.9,30.52147
54.0,30.219479
54.1,30.219479
54.2,30.219479
54.3,30.07367
54.4,30.07367
54.5,29.803
54.6,29.823029
54.7,29.823029
54.8,29.961834
54.9,30.122274
55.0,30.122274
55.1,30.09602
55.2,30.308329
55.3,30.308329
55.4,30.412775
55.5,30.32429
55.6,30.003187
55.7,30.003187
55.8,29.24761
55.9,29.24761
56.0,28.999676
56.1,28.878325
56.2,28.878325
56.3,28.878325
56.4,28.982157
56.5,28.982157
56.6,29.198668
56.7,29.713469
56.8,29.713469
56.9,29.82499
57.0,29.929811
57.1,29.929811
57.2,30.154797
57.3,30.304926
57.4,30.304926
57.5,30.237726
57.6,29.982576
57.7,29.982576
57.8,29.982576
57.9,29.961721
58.0,29.961721
58.1,29.981745
58.2,30.339788
58.3,30.339788
58.4,30.607178
58.5,30.651995
58.6,30.747515
58.7,30.747515
58.8,30.831991
58.9,30.831991
59.0,31.027277
59.1,31.615881
59.2,31.615881
59.3,31.615881
59.4,31.89808
59.5,31.798553
59.6,31.798553
59.7,31.370056
59.8,31.370056
59.9,31.370056
60.0,31.0593
60.1,31.256258
60.2,31.256258
60.3,31.61719
60.4,31.61719
60.5,31.61719
60.6,32.230644
60.7,32.230644
60.8,32.230644
60.9,32.198845
61.0,32.198845
61.1,32.198845
61.2,31.862595
61.3,31.862595
61.4,31.862595
61.5,32.039917
61.6,32.039917
61.7,32.039917
61.8,32.01852
61.9,32.01852
62.0,32.01852
62.1,32.048615
62.2,32.048615
62.3,32.048615
62.4,31.879793
62.5,31.879793
62.6,31.879793
62.7,31.83798
62.8,31.83798
62.9,31.83798
63.0,31.74239
63.1,31.74239
63.2,31.74239
63.3,32.034912
63.4,32.034912
63.5,32.034912
63.6,32.21063
63.7,32.21063
63.8,32.21063
63.9,32.63351
64.0,32.63351
64.1,32.63351
64.2,32.39814
64.3,32.39814
64.4,32.39814
64.5,32.029224
64.6,32.029224
64.7,32.029224
64.8,31.860674
64.9,31.860674
65.0,31.860674
65.1,31.946545
65.2,31.946545
65.3,31.946545
65.4,31.958925
65.5,31.958925
65.6,31.958925
65.7,31.947216
65.8,31.947216
65.9,31.947216
66.0,31.284958
66.1,31.284958
66.2,31.284958
66.3,30.901907
66.4,30.901907
66.5,30.901907
66.6,30.356964
66.7,30.356964
66.8,30.356964
66.9,30.34363
67.0,30.34363
67.1,30.34363
67.2,30.525002
67.3,30.525002
67.4,30.525002
67.5,30.969444
67.6,30.969444
67.7,30.969444
67.8,30.848036
67.9,30.848036
68.0,30.848036
68.1,30.65939
68.2,30.65939
68.3,30.65939
68.4,30.79888
68.5,30.79888
68.6,30.79888
68.7,30.61818
68.8,30.61818
68.9,30.61818
69.0,30.746798
69.1,30.746798
69.2,30.746798
69.3,30.582335
69.4,30.582335
69.5,30.582335
69.6,30.497272
69.7,30.497272
69.8,30.497272
69.9,30.769957
70.0,30.769957
70.1,30.769957
70.2,30.649984
70.3,30.649984
70.4,30.649984
70.5,30.149122
70.6,30.149122
70.7,30.149122
70.8,29.83102
70.9,29.83102
71.0,29.83102
71.1,29.489965
71.2,29.489965
71.3,29.489965
71.4,29.313982
71.5,29.313982
71.6,29.313982
71.7,27.99475
71.8,27.99475
71.9,27.99475
72.0,27.562233
72.1,27.562233
72.2,27.562233
72.3,26.982363
72.4,26.982363
72.5,26.982363
72.6,26.6725
72.7,26.6725
72.8,26.6725
72.9,26.387465
73.0,26.387465
73.1,26.387465
73.2,26.71108
73.3,26.71108
73.4,26.71108
73.5,26.958597
73.6,26.958597
73.7,26.958597
73.8,26.698036
73.9,26.698036
74.0,26.698036
74.1,26.502956
74.2,26.502956
74.3,26.502956
74.4,26.58371
74.5,26.58371
74.6,26.58371
74.7,26.549618
74.8,26.549618
74.9,26.549618
75.0,26.302467
75.1,26.302467
75.2,26.302467
75.3,25.972223
75.4,25.972223
75.5,25.972223
75.6,26.063887
75.7,26.063887
75.8,26.063887
75.9,25.521782
76.0,25.521782
76.1,25.521782
76.2,25.341368
76.3,25.341368
76.4,25.341368
76.5,25.731934
76.6,25.731934
76.7,25.731934
76.8,25.81325
76.9,25.81325
77.0,25.81325
77.1,26.384253
77.2,26.384253
77.3,26.384253
77.4,26.428127
77.5,26.428127
77.6,26.428127
77.7,26.466452
77.8,26.466452
77.9,26.466452
78.0,26.436956
78.1,26.436956
78.2,26.436956
78.3,27.04379
78.4,27.04379
78.5,27.04379
78.6,27.557922
78.7,27.431837
78.8,27.431837
78.9,26.765972
79.0,26.765972
79.1,26.765972
79.2,26.882662
79.3,26.882662
79.4,26.882662
79.5,27.143576
79.6,27.143576
79.7,27.143576
79.8,27.586424
79.9,27.586424
80.0,27.586424
80.1,27.651346
80.2,27.651346
80.3,27.651346
80.4,28.039375
80.5,28.039375
80.6,28.039375
80.7,28.114243
80.8,28.114243
80.9,28.114243
81.0,28.817392
81.1,28.817392
81.2,28.817392
81.3,29.091858
81.4,29.091858
81.5,29.091858
81.6,29.814564
81.7,29.814564
81.8,29.814564
81.9,29.796078
82.0,29.796078
82.1,29.796078
82.2,29.532106
82.3,29.532106
82.4,29.532106
82.5,28.927301
82.6,28.927301
82.7,28.927301
82.8,28.420399
82.9,28.420399
83.0,28.420399
83.1,28.778812
83.2,28.778812
83.3,28.778812
83.4,29.46046
83.5,29.46046
83.6,29.46046
83.7,29.452616
83.8,29.452616
83.9,29.452616
84.0,29.072088
84.1,29.072088
84.2,29.072088
84.3,29.728258
84.4,29.728258
84.5,29.728258
84.6,29.935299
84.7,29.935299
84.8,29.935299
84.9,29.954544
85.0,29.954544
85.1,29.954544
85.2,30.524555
85.3,30.524555
85.4,30.524555
85.5,30.621222
85.6,30.621222
85.7,30.621222
85.8,30.002567
85.9,30.002567
86.0,30.002567
86.1,29.706038
86.2,29.706038
86.3,29.706038
86.4,29.85784
86.5,29.85784
86.6,29.85784
86.7,29.892498
86.8,29.892498
86.9,29.892498
87.0,29.97633
87.1,29.97633
87.2,29.97633
87.3,29.719776
87.4,29.719776
87.5,29.719776
87.6,29.864468
87.7,29.864468
87.8,29.864468
87.9,29.832197
88.0,29.832197
88.1,29.832197
88.2,29.925646
88.3,29.925646
88.4,29.925646
88.5,30.184124
88.6,30.184124
88.7,30.184124
88.8,30.261225
88.9,30.261225
89.0,30.261225
89.1,30.752996
89.2,30.752996
89.3,30.752996
89.4,30.542713
89.5,30.542713
89.6,30.542713
89.7,30.332754
89.8,30.332754
89.9,30.332754
90.0,30.277672
90.1,30.277672
90.2,30.277672
90.3,29.66544
90.4,29.66544
90.5,29.66544
90.6,29.480953
90.7,29.480953
90.8,29.480953
90.9,30.03396
91.0,30.03396
91.1,30.03396
91.2,29.965261
91.3,29.965261
91.4,29.965261
91.5,30.016443
91.6,30.016443
91.7,30.016443
91.8,30.250624
91.9,30.250624
92.0,30.250624
92.1,30.724566
92.2,30.724566
92.3,30.724566
92.4,30.824156
92.5,30.824156
92.6,30.824156
92.7,30.862162
92.8,30.862162
92.9,30.862162
93.0,30.778534
93.1,30.778534
93.2,30.778534
93.3,30.55139
93.4,30.55139
93.5,30.55139
93.6,29.664417
93.7,29.664417
93.8,29.664417
93.9,29.412613
94.0,29.412613
94.1,29.412613
94.2,29.480734
94.3,29.480734
94.4,29.480734
94.5,29.9406
94.6,29.9406
94.7,29.9406
94.8,29.668612
94.9,29.668612
95.0,29.762712
95.1,29.922724
95.2,29.922724
95.3,29.922724
95.4,30.183426
95.5,30.183426
95.6,30.094725
95.7,30.009869
95.8,30.009869
95.9,30.009869
96.0,30.503204
96.1,30.503204
96.2,30.503204
96.3,30.605333
96.4,30.605333
96.5,30.616125
96.6,30.791906
96.7,30.791906
96.8,30.791906
96.9,30.782375
97.0,30.782375
97.1,30.782375
97.2,30.7296
97.3,30.7296
97.4,30.7296
97.5,31.100456
97.6,31.100456
97.7,31.100456
97.8,31.241009
97.9,31.241009
98.0,31.221815
98.1,27.642952
98.2,27.642952
98.3,27.642952
98.4,23.453388
98.5,23.453388
98.6,23.453388
98.7,22.818953
98.8,22.818953
98.9,22.818953
99.0,22.318716
99.1,22.318716
99.2,22.318716
99.3,22.022236
99.4,22.022236
99.5,21.928331
99.6,22.310045
99.7,22.310045
99.8,22.455387
99.9,22.963219
100.0,22.963219
100.1,23.1406
100.2,23.29181
100.3,23.29181
100.4,23.294159
100.5,23.558096
100.6,23.558096
100.7,23.558096
100.8,23.01368
100.9,23.01368
101.0,22.865585
101.1,22.712877
101.2,22.712877
101.3,22.712877
101.4,22.621511
101.5,22.621511
101.6,22.676039
101.7,22.70447
101.8,22.70447
101.9,22.705507
102.0,22.63607
102.1,22.63607
102.2,22.63607
102.3,22.887482
102.4,22.887482
102.5,22.917763
102.6,22.503834
102.7,22.503834
102.8,22.07817
102.9,21.791119
103.0,21.791119
103.1,21.791119
103.2,22.343588
103.3,22.343588
103.4,22.646961
103.5,22.473726
103.6,22.473726
103.7,22.655018
103.8,22.614473
103.9,22.614473
104.0,22.787502
104.1,22.943285
104.2,22.943285
104.3,22.844635
104.4,22.666677
104.5,22.666677
104.6,22.494287
104.7,22.791939
104.8,22.791939
104.9,22.943905
105.0,23.226202
105.1,23.226202
105.2,23.315449
105.3,23.291597
105.4,23.291597
105.5,22.941902
105.6,22.735859
105.7,22.735859
105.8,22.748924
105.9,22.523046
106.0,22.523046
106.1,22.506853
106.2,22.562614
106.3,22.562614
106.4,22.765268
106.5,22.832361
106.6,22.835775
106.7,22.826065
106.8,22.91232
106.9,22.91232
107.0,23.061897
107.1,23.070816
107.2,23.070816
107.3,23.16094
107.4,23.190578
107.5,23.190578
107.6,23.473362
107.7,23.259384
107.8,23.259384
107.9,22.856115
108.0,22.378813
108.1,22.378813
108.2,22.153173
108.3,22.313948
108.4,22.313948
108.5,22.634659
108.6,22.634659
108.7,22.634659
108.8,23.277462
108.9,23.481415
109.0,23.481415
109.1,23.270872
109.2,23.270872
109.3,23.270872
109.4,22.962769
109.5,22.98569
109.6,22.98569
109.7,23.328657
109.8,23.480675
109.9,23.480675
110.0,23.4109
110.1,23.46222
110.2,23.46222
110.3,23.718315
110.4,24.025963
110.5,24.025963
110.6,23.724909
110.7,23.724909
110.8,23.724909
110.9,23.52722
111.0,23.502314
111.1,23.502314
111.2,22.998014
111.3,22.614634
111.4,22.614634
111.5,22.667627
111.6,22.667627
111.7,22.667627
111.8,23.21728
111.9,23.327507
112.0,23.327507
112.1,22.898584
112.2,22.898584
112.3,22.898584
112.4,22.429346
112.5,22.373686
112.6,22.373686
112.7,22.662603
112.8,22.662603
112.9,22.844158
113.0,23.097507
113.1,23.173939
113.2,23.173939
113.3,22.959404
113.4,22.8525
113.5,22.8525
113.6,22.594812
113.7,22.594812
113.8,22.713163
113.9,22.49927
114.0,22.57885
114.1,22.57885
114.2,22.506388
114.3,22.506388
114.4,22.910965
114.5,22.997168
114.6,23.070724
114.7,23.113586
114.8,23.045391
114.9,22.984093
115.0,22.984093
115.1,22.897663
115.2,22.897663
115.3,22.860916
115.4,22.811028
115.5,22.815767
115.6,22.815767
115.7,22.814182
115.8,22.814182
115.9,22.761227
116.0,22.656408
116.1,22.436209
116.2,22.436209
116.3,22.550009
116.4,22.467346
116.5,22.467346
116.6,22.46247
116.7,22.46247
116.8,22.497442
116.9,22.41246
117.0,22.256248
117.1,22.256248
117.2,21.829912
117.3,21.829912
117.4,22.067703
117.5,22.455124
117.6,22.455124
117.7,22.455124
117.8,22.418793
117.9,22.418793
118.0,22.418793
118.1,22.436453
118.2,22.436453
118.3,22.455742
118.4,22.866755
118.5,22.866755
118.6,22.866755
118.7,23.118322
118.8,23.118322
118.9,22.804232
119.0,22.19714
119.1,22.19714
119.2,21.943687
119.3,22.040318
119.4,22.040318
119.5,22.040318
119.6,21.972643
119.7,21.972643
119.8,22.02458
119.9,22.03481
120.0,22.03481
120.1,22.07511
120.2,22.30344
120.3,22.30344
120.4,22.468317
120.5,22.793379
120.6,22.793379
120.7,22.722721
120.8,22.82651
120.9,22.82651
121.0,22.82651
121.1,22.769886
121.2,22.769886
121.3,22.803513
121.4,22.857044
121.5,22.857044
121.6,22.993368
121.7,23.159054
121.8,23.159054
121.9,23.241844
122.0,23.072495
122.1,23.072495
122.2,22.921877
122.3,22.861744
122.4,22.861744
122.5,22.861744
122.6,23.235718
122.7,23.235718
122.8,23.548409
122.9,24.096588
123.0,24.096588
123.1,24.17414
123.2,24.094856
123.3,24.159431
123.4,24.159431
123.5,24.402834
123.6,24.402834
123.7,24.656248
123.8,24.565098
123.9,24.565098
124.0,24.293962
124.1,24.18557
124.2,24.138756
124.3,24.138756
124.4,23.997759
124.5,23.889236
124.6,23.889236
124.7,23.931108
124.8,23.932165
124.9,23.932165
125.0,24.592367
125.1,24.691391
125.2,24.691391
125.3,24.85561
125.4,24.792595
125.5,24.792595
125.6,24.817001
125.7,24.844114
125.8,24.844114
125.9,25.039362
126.0,25.50473
126.1,25.50473
126.2,25.706526
126.3,25.744568
126.4,25.744568
126.5,25.678276
126.6,25.645475
126.7,25.645475
126.8,25.797512
126.9,25.30896
127.0,25.30896
127.1,25.24157
127.2,25.07594
127.3,25.07594
127.4,24.96861
127.5,24.84135
127.6,24.84135
127.7,24.698778
127.8,24.622166
127.9,24.622166
128.0,24.727854
128.1,24.741163
128.2,24.741163
128.3,24.633934
128.4,24.474876
128.5,24.474876
128.6,24.508924
128.7,24.605593
128.8,24.605593
128.9,24.72358
129.0,24.894943
129.1,24.894943
129.2,24.815878
129.3,24.781807
129.4,24.781807
129.5,24.647305
129.6,24.842886
129.7,24.842886
129.8,24.867432
129.9,25.017622
130.0,25.017622
130.1,25.141073
130.2,25.260227
130.3,25.260227
130.4,25.236158
130.5,25.19465
130.6,25.19465
130.7,25.125372
130.8,25.058998
130.9,25.058998
131.0,24.782358
131.1,24.670748
131.2,24.670748
131.3,24.592108
131.4,24.74779
131.5,24.74779
131.6,24.86663
131.7,25.195736
131.8,25.195736
131.9,25.345592
132.0,25.450579
132.1,25.450579
132.2,25.39283
132.3,25.288773
132.4,25.288773
132.5,25.071972
132.6,24.905336
132.7,24.905336
132.8,24.905336
132.9,24.383972
133.0,24.383972
133.1,24.255972
133.2,24.23238
133.3,24.23238
133.4,24.400862
133.5,24.333723
133.6,24.333723
133.7,24.333723
133.8,24.152319
133.9,24.152319
134.0,24.077547
134.1,24.016743
134.2,24.016743
134.3,24.086788
134.4,23.978453
134.5,23.978453
134.6,24.080774
134.7,23.831385
134.8,23.831385
134.9,23.914307
135.0,23.785267
135.1,23.73925
135.2,23.73925
135.3,23.846394
135.4,23.846394
135.5,23.776854
135.6,23.335651
135.7,23.335651
135.8,23.335651
135.9,22.790718
136.0,22.790718
136.1,22.627254
136.2,22.826706
136.3,22.826706
136.4,22.952156
136.5,22.993273
136.6,22.993273
136.7,22.964739
136.8,22.973366
136.9,22.973366
137.0,23.093447
137.1,22.880686
137.2,22.880686
137.3,22.635677
137.4,22.612999
137.5,22.612999
137.6,22.673931
137.7,22.709343
137.8,22.709343
137.9,22.880415
138.0,23.082726
138.1,23.082726
138.2,23.632494
138.3,23.673584
138.4,23.673584
138.5,23.674736
138.6,23.702782
138.7,23.702782
138.8,23.47115
138.9,23.484964
139.0,23.484964
139.1,23.389885
139.2,23.180151
139.3,23.180151
139.4,23.047735
139.5,22.974089
139.6,22.974089
139.7,23.136717
139.8,23.136717
139.9,23.136717
140.0,23.095753
140.1,23.159172
140.2,23.159172
140.3,23.411533
140.4,23.411533
140.5,23.411533
140.6,23.346455
140.7,23.1673
140.8,23.1673
140.9,22.937445
141.0,22.7411
141.1,22.7411
141.2,23.04874
141.3,23.04874
141.4,23.04874
141.5,23.51408
141.6,23.234701
141.7,23.234701
141.8,22.862091
141.9,22.862091
142.0,22.862091
142.1,23.148623
142.2,23.383377
142.3,23.383377
142.4,23.538477
142.5,23.538477
142.6,23.538477
142.7,23.881456
142.8,24.096375
142.9,24.096375
143.0,24.237179
143.1,24.192621
143.2,24.192621
143.3,23.941881
143.4,23.941881
143.5,23.941881
143.6,23.86264
143.7,23.855942
143.8,23.855942
143.9,23.44691
144.0,23.44691
144.1,23.44691
144.2,22.591112
144.3,22.591112
144.4,22.591112
144.5,22.350609
144.6,22.350609
144.7,22.350609
144.8,22.576952
144.9,22.576952
145.0,22.576952
145.1,22.91584
145.2,22.926537
145.3,22.926537
145.4,23.208427
145.5,23.208427
145.6,23.208427
145.7,23.33152
145.8,23.33152
145.9,23.33152
146.0,23.179607
146.1,23.179607
146.2,23.179607
146.3,23.242773
146.4,23.242773
146.5,23.242773
146.6,22.946287
146.7,22.946287
146.8,22.946287
146.9,22.689573
147.0,22.689573
147.1,22.689573
147.2,22.825493
147.3,22.825493
147.4,22.825493
147.5,22.749063
147.6,22.749063
147.7,22.749063
147.8,22.743929
147.9,22.743929
148.0,22.743929
148.1,22.345228
148.2,22.345228
148.3,22.345228
148.4,22.259594
148.5,22.259594
148.6,22.259594
148.7,22.728792
148.8,22.728792
148.9,22.761362
149.0,22.672775
149.1,22.672775
149.2,22.672775
149.3,22.942698
149.4,22.942698
149.5,23.057215
149.6,22.7201
149.7,22.7201
149.8,22.62168
149.9,22.564314
150.0,22.564314
150.1,22.451693
150.2,22.109682
150.3,22.109682
150.4,21.734722
150.5,21.362366
150.6,21.362366
150.7,21.650406
150.8,22.080128
150.9,22.080128
151.0,22.156937
151.1,21.954338
151.2,21.954338
151.3,21.351944
151.4,20.837004
151.5,20.837004
151.6,20.357038
151.7,20.501913
151.8,20.501913
151.9,21.479757
152.0,21.479757
152.1,21.479757
152.2,22.24722
152.3,22.22444
152.4,22.22444
152.5,22.367878
152.6,22.367878
152.7,22.367878
152.8,22.382858
152.9,22.375046
153.0,22.375046
153.1,22.471119
153.2,22.471119
153.3,22.407665
153.4,22.401993
153.5,22.401993
153.6,22.401993
153.7,22.730703
153.8,22.774696
153.9,22.774696
154.0,22.786785
154.1,22.786785
154.2,22.786785
154.3,22.072018
154.4,21.845707
154.5,21.845707
154.6,21.880465
154.7,22.023266
154.8,22.023266
154.9,21.833504
155.0,21.7313
155.1,21.7313
155.2,21.387577
155.3,21.64585
155.4,21.64585
155.5,21.757992
155.6,21.90522
155.7,21.874083
155.8,21.76797
155.9,21.939281
156.0,21.939281
156.1,22.187798
156.2,22.386787
156.3,22.386787
156.4,22.398432
156.5,22.531311
156.6,22.531311
156.7,22.579834
156.8,22.718868
156.9,22.718868
157.0,22.673666
157.1,22.62293
157.2,22.62293
157.3,22.60988
157.4,22.684103
157.5,22.684103
157.6,22.683285
157.7,22.655994
157.8,22.655994
157.9,22.56619
158.0,22.618229
158.1,22.618229
158.2,22.765877
158.3,23.000551
158.4,23.000551
158.5,22.916958
158.6,22.911219
158.7,22.911219
158.8,22.696924
158.9,22.504654
159.0,22.504654
159.1,22.284296
159.2,21.982965
159.3,21.982965
159.4,21.971745
159.5,21.851233
159.6,21.851233
159.7,21.671988
159.8,21.625757
159.9,21.625757
160.0,21.774244
160.1,22.158451
160.2,22.158451
160.3,22.69914
160.4,22.863485
160.5,22.863485
160.6,23.099253
160.7,23.099253
160.8,23.099253
160.9,22.930191
161.0,22.826212
161.1,22.826212
161.2,22.562223
161.3,22.562223
161.4,22.562223
161.5,23.145622
161.6,23.145622
161.7,23.145622
161.8,23.364853
161.9,23.364853
162.0,23.364853
162.1,22.87326
162.2,22.87326
162.3,22.87326
162.4,22.89388
162.5,23.115114
162.6,23.115114
162.7,22.904436
162.8,22.904436
162.9,22.904436
163.0,22.60238
163.1,22.545832
163.2,22.545832
163.3,22.7313
163.4,22.7313
163.5,22.7313
163.6,23.007189
163.7,23.007189
163.8,23.007189
163.9,23.182974
164.0,23.182974
164.1,23.182974
164.2,23.313974
164.3,23.313974
164.4,23.313974
164.5,23.355818
164.6,23.355818
164.7,23.355818
164.8,23.790236
164.9,23.790236
165.0,23.790236
165.1,23.44765
165.2,23.44765
165.3,23.44765
165.4,22.985224
165.5,22.985224
165.6,22.985224
165.7,22.563074
165.8,22.563074
165.9,22.563074
166.0,22.755566
166.1,22.755566
166.2,22.755566
166.3,23.01704
166.4,23.01704
166.5,23.01704
166.6,22.968021
166.7,22.968021
166.8,22.968021
166.9,23.450514
167.0,23.450514
167.1,23.450514
167.2,23.47029
167.3,23.47029
167.4,23.47029
167.5,24.002602
167.6,24.002602
167.7,24.002602
167.8,24.104158
167.9,24.104158
168.0,24.104158
168.1,22.95711
168.2,22.95711
168.3,22.95711
168.4,22.495575
168.5,22.495575
168.6,22.495575
168.7,22.877516
168.8,22.877516
168.9,22.877516
169.0,22.977947
169.1,22.977947
169.2,22.977947
169.3,22.430708
169.4,22.430708
169.5,22.430708
169.6,22.653227
169.7,22.653227
169.8,22.653227
169.9,22.778618
170.0,22.778618
170.1,22.778618
170.2,22.97771
170.3,22.97771
170.4,22.97771
170.5,23.064556
170.6,23.064556
170.7,23.064556
170.8,22.716301
170.9,22.716301
171.0,22.716301
171.1,22.883326
171.2,22.883326
171.3,22.883326
171.4,22.902672
171.5,22.902672
171.6,22.902672
171.7,23.043262
171.8,23.043262
171.9,23.043262
172.0,22.949026
172.1,22.949026
172.2,22.949026
172.3,23.377129
172.4,23.377129
172.5,23.377129
172.6,23.873964
172.7,23.873964
172.8,23.873964
172.9,23.641153
173.0,23.641153
173.1,23.641153
173.2,23.509472
173.3,23.509472
173.4,23.509472
173.5,23.084797
173.6,23.084797
173.7,23.084797
173.8,23.144272
173.9,23.144272
174.0,23.144272
174.1,23.744766
174.2,23.744766
174.3,23.744766
174.4,23.43359
174.5,23.43359
174.6,23.43359
174.7,22.71516
174.8,22.71516
174.9,22.71516
175.0,22.371584
175.1,22.371584
175.2,22.371584
175.3,22.795311
175.4,22.795311
175.5,22.795311
175.6,23.43756
175.7,23.43756
175.8,23.43756
175.9,23.141281
176.0,23.141281
176.1,23.141281
176.2,22.925419
176.3,22.925419
176.4,22.925419
176.5,22.77586
176.6,22.77586
176.7,22.77586
176.8,22.81907
176.9,22.81907
177.0,22.81907
177.1,23.013845
177.2,23.013845
177.3,23.013845
177.4,23.21962
177.5,23.21962
177.6,23.21962
177.7,23.107752
177.8,23.107752
177.9,23.107752
178.0,23.139555
178.1,23.139555
178.2,23.139555
178.3,23.291458
178.4,23.291458
178.5,23.291458
178.6,23.057873
178.7,23.057873
178.8,23.057873
178.9,23.341347
179.0,23.341347
179.1,23.341347
179.2,22.923183
179.3,22.923183
179.4,22.923183
179.5,22.817913
179.6,22.817913
179.7,22.817913
179.8,22.82698
179.9,22.82698
180.0,22.82698
180.1,22.742785
180.2,22.742785
180.3,22.742785
180.4,22.590956
180.5,22.590956
180.6,22.590956
180.7,23.027222
180.8,23.027222
180.9,23.113668
181.0,23.09313
181.1,23.09313
181.2,23.09313
181.3,22.776762
181.4,22.776762
181.5,22.776762
181.6,22.62858
181.7,22.62858
181.8,22.62858
181.9,22.525948
182.0,22.525948
182.1,22.525948
182.2,22.712978
182.3,22.712978
182.4,22.866386
182.5,23.142534
182.6,23.142534
182.7,23.142534
182.8,22.74088
182.9,22.636116
183.0,22.636116
183.1,22.882868
183.2,22.882868
183.3,22.770355
183.4,22.73958
183.5,22.73958
183.6,22.73958
183.7,22.745605
183.8,22.745605
183.9,22.753084
184.0,22.845478
184.1,22.845478
184.2,22.845478
184.3,22.886942
184.4,22.886942
184.5,22.733751
184.6,22.67457
184.7,22.67457
184.8,22.67457
184.9,22.368488
185.0,22.368488
185.1,22.368488
185.2,22.700705
185.3,22.700705
185.4,22.714514
185.5,22.776556
185.6,22.776556
185.7,22.776556
185.8,23.072414
185.9,23.072414
186.0,23.155636
186.1,23.050156
186.2,23.050156
186.3,22.791264
186.4,22.673437
186.5,22.673437
186.6,22.758204
186.7,22.860277
186.8,22.860277
186.9,22.846579
187.0,22.857641
187.1,22.857641
187.2,22.963104
187.3,23.16562
187.4,23.16562
187.5,23.271446
187.6,22.87901
187.7,22.87901
187.8,22.575163
187.9,22.345264
188.0,22.345264
188.1,22.226366
188.2,22.015564
188.3,22.015564
188.4,21.982473
188.5,21.987997
188.6,21.987997
188.7,22.49172
188.8,22.639698
188.9,22.639698
189.0,22.765041
189.1,23.016878
189.2,23.016878
189.3,23.237207
189.4,23.277273
189.5,23.277273
189.6,23.273844
189.7,23.28268
189.8,23.28268
189.9,23.373747
190.0,22.791622
190.1,22.791622
190.2,22.695051
190.3,22.533041
190.4,22.533041
190.5,22.846556
190.6,23.163067
190.7,23.163067
190.8,23.124363
190.9,22.932728
191.0,22.932728
191.1,22.512012
191.2,22.223572
191.3,22.223572
191.4,22.247343
191.5,22.56919
191.6,22.56919
191.7,22.633858
191.8,22.548435
191.9,22.548435
192.0,22.560276
192.1,22.954287
192.2,22.954287
192.3,23.007164
192.4,22.85061
192.5,22.85061
192.6,22.602924
192.7,22.555658
192.8,22.555658
192.9,22.79373
193.0,23.05086
193.1,23.05086
193.2,23.223457
193.3,23.435427
193.4,23.435427
193.5,23.247349
193.6,23.053349
193.7,23.053349
193.8,22.862082
193.9,22.98171
194.0,22.98171
194.1,23.529417
194.2,23.552095
194.3,23.552095
194.4,23.588476
194.5,23.427343
194.6,23.427343
194.7,23.111256
194.8,23.017046
194.9,23.017046
195.0,22.879156
195.1,22.836208
195.2,22.836208
195.3,22.834768
195.4,23.080572
195.5,23.080572
195.6,23.222582
195.7,23.144276
195.8,23.144276
195.9,23.31779
196.0,23.356215
196.1,23.356215
196.2,23.532997
196.3,23.466413
196.4,23.466413
196.5,23.349716
196.6,23.312624
196.7,23.312624
196.8,23.447098
196.9,23.485415
197.0,23.485415
197.1,23.48716
197.2,23.508074
197.3,23.508074
197.4,23.193602
197.5,22.978462
197.6,22.978462
197.7,22.924364
197.8,22.924364
197.9,22.924364
198.0,23.093946
198.1,23.173117
198.2,23.173117
198.3,23.349241
198.4,23.349241
198.5,23.349241
198.6,23.822266
198.7,23.822266
198.8,23.822266
198.9,23.51616
199.0,23.51616
199.1,23.51616
199.2,23.252724
199.3,23.252724
199.4,23.252724
199.5,23.217794
199.6,23.217794
199.7,23.217794
199.8,23.664505
199.9,23.664505
200.0,23.664505
200.1,23.637054
200.2,23.400888
200.3,23.400888
200.4,22.853518
200.5,22.853518
200.6,22.853518
200.7,22.500864
200.8,22.500864
200.9,22.500864
201.0,23.194868
201.1,23.194868
201.2,23.194868
201.3,23.14062
201.4,23.14062
201.5,23.14062
201.6,22.332306
201.7,22.332306
201.8,22.332306
201.9,22.40598
202.0,22.40598
202.1,22.40598
202.2,22.624975
202.3,22.624975
202.4,22.624975
202.5,22.533157
202.6,22.60506
202.7,22.60506
202.8,22.899778
202.9,22.899778
203.0,22.899778
203.1,23.095667
203.2,23.095667
203.3,23.095667
203.4,23.101107
203.5,22.958515
203.6,22.958515
203.7,22.55431
203.8,22.55431
203.9,22.55431
204.0,22.481361
204.1,22.542358
204.2,22.542358
204.3,22.599522
204.4,22.599522
204.5,22.599522
204.6,22.857677
204.7,22.958582
204.8,22.958582
204.9,22.935932
205.0,23.190763
205.1,23.190763
205.2,23.942734
205.3,23.942734
205.4,23.942734
205.5,24.053898
205.6,23.758472
205.7,23.758472
205.8,23.370771
205.9,23.370771
206.0,23.370771
206.1,23.557425
206.2,23.65488
206.3,23.65488
206.4,23.661978
206.5,23.661978
206.6,23.661978
206.7,23.781906
206.8,23.830215
206.9,23.830215
207.0,23.648737
207.1,23.519585
207.2,23.519585
207.3,23.283693
207.4,23.11547
207.5,23.11547
207.6,22.9846
207.7,22.745272
207.8,22.745272
207.9,22.700478
208.0,22.800793
208.1,22.800793
208.2,22.802443
208.3,22.90157
208.4,22.90157
208.5,22.916819
208.6,23.20542
208.7,23.20542
208.8,23.31694
208.9,23.508913
209.0,23.508913
209.1,23.754158
209.2,23.64585
209.3,23.64585
209.4,23.58698
209.5,23.58698
209.6,23.58698
209.7,23.623156
209.8,23.636126
209.9,23.636126
210.0,23.619547
210.1,23.55898
210.2,23.55898
210.3,23.680647
210.4,23.49403
210.5,23.49403
210.6,23.175634
210.7,22.969816
210.8,22.969816
210.9,23.018501
211.0,23.018501
211.1,23.018501
211.2,22.82794
211.3,22.872068
211.4,22.872068
211.5,22.897778
211.6,22.838722
211.7,22.838722
211.8,23.153065
211.9,23.153065
212.0,23.153065
212.1,23.430944
212.2,23.401714
212.3,23.401714
212.4,23.041609
212.5,23.041609
212.6,23.041609
212.7,23.176802
212.8,23.176802
212.9,23.176802
213.0,23.567057
213.1,23.643473
213.2,23.643473
213.3,23.426397
213.4,23.426397
213.5,23.426397
213.6,23.29715
213.7,23.029247
213.8,23.029247
213.9,22.630474
214.0,22.630474
214.1,22.630474
214.2,22.277006
214.3,22.277006
214.4,22.277006
214.5,21.84215
214.6,21.84215
214.7,21.84215
214.8,22.168922
214.9,22.168922
215.0,22.168922
215.1,22.277174
215.2,22.316853
215.3,22.316853
215.4,22.532173
215.5,22.532173
215.6,22.532173
215.7,22.476309
215.8,22.370382
215.9,22.370382
216.0,22.222147
216.1,22.482008
216.2,22.482008
216.3,22.69852
216.4,22.69852
216.5,22.69852
216.6,22.548721
216.7,22.650213
216.8,22.650213
216.9,22.573162
217.0,22.573162
217.1,22.63094
217.2,22.871483
217.3,22.871483
217.4,22.871483
217.5,22.798826
217.6,22.614557
217.7,22.614557
217.8,22.440418
217.9,22.440418
218.0,22.440418
218.1,22.272055
218.2,22.272055
218.3,22.272055
218.4,22.196001
218.5,22.196001
218.6,22.196001
218.7,22.501947
218.8,22.501947
218.9,22.501947
219.0,23.073332
219.1,23.073332
219.2,22.990253
219.3,22.860292
219.4,22.860292
219.5,22.860292
219.6,23.118093
219.7,23.165718
219.8,23.165718
219.9,22.924665
220.0,22.924665
220.1,22.924665
220.2,22.365
220.3,22.365
220.4,22.365
220.5,22.607061
220.6,22.607061
220.7,22.607061
220.8,23.226576
220.9,23.226576
221.0,23.226576
221.1,23.391235
221.2,23.391235
221.3,23.391235
221.4,22.94431
221.5,22.94431
221.6,22.94431
221.7,22.463245
221.8,22.463245
221.9,22.463245
222.0,22.872118
222.1,22.872118
222.2,22.872118
222.3,23.676283
222.4,23.676283
222.5,23.676283
222.6,23.635094
222.7,23.635094
222.8,23.635094
222.9,23.571735
223.0,23.571735
223.1,23.571735
223.2,23.109882
223.3,23.109882
223.4,23.109882
223.5,23.029142
223.6,23.029142
223.7,23.029142
223.8,23.268118
223.9,23.268118
224.0,23.268118
224.1,23.161776
224.2,23.161776
224.3,23.161776
224.4,23.063349
224.5,23.063349
224.6,23.063349
224.7,22.989025
224.8,22.989025
224.9,22.989025
225.0,23.393328
225.1,23.393328
225.2,23.393328
225.3,23.120102
225.4,23.120102
225.5,23.120102
225.6,22.712976
225.7,22.712976
225.8,22.712976
225.9,22.802958
226.0,22.802958
226.1,22.802958
226.2,23.295969
226.3,23.295969
226.4,23.295969
226.5,24.267937
226.6,24.267937
226.7,24.267937
226.8,24.40053
226.9,24.40053
227.0,24.40053
227.1,24.300499
227.2,24.300499
227.3,24.300499
227.4,24.359911
227.5,24.359911
227.6,24.359911
227.7,24.155884
227.8,24.155884
227.9,24.155884
228.0,24.420938
228.1,24.420938
228.2,24.420938
228.3,24.104273
228.4,24.104273
228.5,24.104273
228.6,23.723383
228.7,23.723383
228.8,23.723383
228.9,23.426994
229.0,23.426994
229.1,23.426994
229.2,23.545324
229.3,23.545324
229.4,23.545324
229.5,23.44492
229.6,23.44492
229.7,23.44492
229.8,23.077473
229.9,23.077473
230.0,23.077473
230.1,23.09766
230.2,23.09766
230.3,23.09766
230.4,23.619978
230.5,23.619978
230.6,23.619978
230.7,24.10445
230.8,24.10445
230.9,24.10445
231.0,23.643238
231.1,23.643238
231.2,23.643238
231.3,22.639397
231.4,22.639397
231.5,22.639397
231.6,22.672457
231.7,22.672457
231.8,22.672457
231.9,22.819427
232.0,22.819427
232.1,22.819427
232.2,23.14478
232.3,23.14478
232.4,23.14478
232.5,23.446394
232.6,23.446394
232.7,23.446394
232.8,23.529766
232.9,23.529766
233.0,23.529766
233.1,23.275888
233.2,23.275888
233.3,23.275888
233.4,22.942417
233.5,22.942417
233.6,22.942417
233.7,23.252165
233.8,23.252165
233.9,23.531977
234.0,23.966143
234.1,23.966143
234.2,23.966143
234.3,24.025269
234.4,24.025269
234.5,24.025269
234.6,23.542906
234.7,23.542906
234.8,23.542906
234.9,23.357597
235.0,23.357597
235.1,23.357597
235.2,23.113235
235.3,23.113235
235.4,23.113235
235.5,22.52981
235.6,22.52981
235.7,22.52981
235.8,22.995789
235.9,22.995789
236.0,22.995789
236.1,23.077364
236.2,23.077364
236.3,23.077364
236.4,23.477247
236.5,23.477247
236.6,23.477247
236.7,23.935364
236.8,23.935364
236.9,23.935364
237.0,24.162285
237.1,24.162285
237.2,24.162285
237.3,24.089233
237.4,24.089233
237.5,24.089233
237.6,23.7832
237.7,23.7832
237.8,23.7832
237.9,23.485725
238.0,23.485725
238.1,23.485725
238.2,23.61571
238.3,23.61571
238.4,23.61571
238.5,23.366093
238.6,23.366093
238.7,23.366093
238.8,23.304594
238.9,23.304594
239.0,23.304594
239.1,23.340834
239.2,23.340834
239.3,23.340834
239.4,23.19305
239.5,23.19305
239.6,23.19305
239.7,23.680166
239.8,23.680166
239.9,23.680166
240.0,23.969995
240.1,23.969995
240.2,23.969995
240.3,24.451494
240.4,24.451494
240.5,24.451494
240.6,24.661116
240.7,24.661116
240.8,24.661116
240.9,24.660627
241.0,24.660627
241.1,24.660627
241.2,24.089642
241.3,24.089642
241.4,24.089642
241.5,23.50637
241.6,23.50637
241.7,23.50637
241.8,23.32814
241.9,23.32814
242.0,23.32814
242.1,23.172373
242.2,23.172373
242.3,23.172373
242.4,22.447002
242.5,22.447002
242.6,22.447002
242.7,22.237953
242.8,22.237953
242.9,22.237953
243.0,22.694105
243.1,22.694105
243.2,22.694105
243.3,22.734253
243.4,22.734253
243.5,22.734253
243.6,22.361145
243.7,22.361145
243.8,22.361145
243.9,23.134304
244.0,23.305336
244.1,23.305336
244.2,23.10821
244.3,23.10821
244.4,23.10821
244.5,23.587118
244.6,23.587118
244.7,23.587118
244.8,24.354399
244.9,24.354399
245.0,24.354399
245.1,23.960928
245.2,23.960928
245.3,23.960928
245.4,23.573956
245.5,23.573956
245.6,23.573956
245.7,22.746271
245.8,22.746271
245.9,22.746271
246.0,22.707085
246.1,22.707085
246.2,22.707085
246.3,22.562393
246.4,22.562393
246.5,22.562393
246.6,22.297117
246.7,22.297117
246.8,22.297117
246.9,21.934519
247.0,21.934519
247.1,21.934519
247.2,21.840948
247.3,21.840948
247.4,21.840948
247.5,22.334415
247.6,22.334415
247.7,22.334415
247.8,22.529829
247.9,22.529829
248.0,22.529829
248.1,22.363968
248.2,22.363968
248.3,22.363968
248.4,22.263834
248.5,22.263834
248.6,22.263834
248.7,22.599895
248.8,22.599895
248.9,22.599895
249.0,22.863155
249.1,22.863155
249.2,22.863155
249.3,22.859554
249.4,22.859554
249.5,22.739918
249.6,22.602707
249.7,22.602707
249.8,22.602707
249.9,22.912851
250.0,22.912851
250.1,22.912851
250.2,23.16504
250.3,23.16504
250.4,23.16504
250.5,23.444326
250.6,23.444326
250.7,23.444326
250.8,23.782291
250.9,23.782291
251.0,23.782291
251.1,23.668009
251.2,23.668009
251.3,23.668009
251.4,23.08193
251.5,23.08193
251.6,23.08193
251.7,22.662191
251.8,22.662191
251.9,22.662191
252.0,22.541021
252.1,22.541021
252.2,22.541021
252.3,22.907005
252.4,22.907005
252.5,22.907005
252.6,23.962574
252.7,23.962574
252.8,23.962574
252.9,23.862171
253.0,23.862171
253.1,23.862171
253.2,23.961071
253.3,23.961071
253.4,23.961071
253.5,24.274424
253.6,24.274424
253.7,24.274424
253.8,23.380499
253.9,23.380499
254.0,23.380499
254.1,22.980112
254.2,22.980112
254.3,22.980112
254.4,22.808735
254.5,22.808735
254.6,22.808735
254.7,22.692684
254.8,22.692684
254.9,22.692684
255.0,22.370998
255.1,22.370998
255.2,22.370998
255.3,22.698332
255.4,22.698332
255.5,22.698332
255.6,23.025078
255.7,23.025078
255.8,23.025078
255.9,22.752445
256.0,22.752445
256.1,22.752445
256.2,22.50386
256.3,22.50386
256.4,22.50386
256.5,22.6142
256.6,22.6142
256.7,22.6142
256.8,22.872597
256.9,22.872597
257.0,22.872597
257.1,22.4915
257.2,22.4915
257.3,22.4915
257.4,22.292994
257.5,22.292994
257.6,22.292994
257.7,22.436146
257.8,22.436146
257.9,22.436146
258.0,22.64596
258.1,22.64596
258.2,22.64596
258.3,22.98174
258.4,22.98174
258.5,22.98174
258.6,23.09497
258.7,23.09497
258.8,23.09497
258.9,22.777
259.0,22.777
259.1,22.777
259.2,22.888695
259.3,22.888695
259.4,22.888695
259.5,22.730686
259.6,22.730686
259.7,22.730686
259.8,21.953695
259.9,21.953695
260.0,21.953695
260.1,22.020035
260.2,22.020035
260.3,22.020035
260.4,22.426329
260.5,22.426329
260.6,22.426329
260.7,22.495548
260.8,22.495548
260.9,22.495548
261.0,22.532528
261.1,22.532528
261.2,22.532528
261.3,23.138288
261.4,23.138288
261.5,23.138288
261.6,23.123125
261.7,23.123125
261.8,23.123125
261.9,23.138964
262.0,23.138964
262.1,23.138964
262.2,23.395624
262.3,23.395624
262.4,23.395624
262.5,23.50248
262.6,23.50248
262.7,23.50248
262.8,23.347265
262.9,23.347265
263.0,23.347265
263.1,23.424404
263.2,23.424404
263.3,23.424404
263.4,23.58038
263.5,23.58038
263.6,23.58038
263.7,22.8382
263.8,22.8382
263.9,22.8382
264.0,22.757286
264.1,22.935614
264.2,22.935614
264.3,23.086744
264.4,23.086744
264.5,23.086744
264.6,23.146002
264.7,23.080244
264.8,23.080244
264.9,23.233128
265.0,23.233128
265.1,23.233128
265.2,23.535046
265.3,23.514566
265.4,23.514566
265.5,23.25257
265.6,23.052036
265.7,23.052036
265.8,22.926743
265.9,22.946249
266.0,22.946249
266.1,23.088196
266.2,23.325262
266.3,23.325262
266.4,22.74915
266.5,22.74915
266.6,22.74915
266.7,22.466171
266.8,22.47954
266.9,22.47954
267.0,22.825071
267.1,23.028713
267.2,23.028713
267.3,23.177885
267.4,22.959797
267.5,22.959797
267.6,22.344812
267.7,22.2174
267.8,22.2174
267.9,22.606688
268.0,22.794655
268.1,22.794655
268.2,22.845884
268.3,22.845884
268.4,22.845884
268.5,22.722643
268.6,22.888067
268.7,22.888067
268.8,23.147364
268.9,23.147364
269.0,23.147364
269.1,23.175913
269.2,23.175913
269.3,23.175913
269.4,23.0047
269.5,23.0047
269.6,23.0047
269.7,23.134813
269.8,23.134813
269.9,23.134813
270.0,23.079466
270.1,23.236065
270.2,23.236065
270.3,23.380276
270.4,23.380276
270.5,23.380276
270.6,23.009243
270.7,23.009243
270.8,23.009243
270.9,23.339314
271.0,23.339314
271.1,23.339314
271.2,23.028881
271.3,23.028881
271.4,23.028881
271.5,22.666368
271.6,22.666368
271.7,22.666368
271.8,22.657627
271.9,22.657627
272.0,22.657627
272.1,23.321405
272.2,23.321405
272.3,23.321405
272.4,23.108496
272.5,23.108496
272.6,23.108496
272.7,23.217499
272.8,23.217499
272.9,23.217499
273.0,23.393934
273.1,23.393934
273.2,23.393934
273.3,23.72661
273.4,23.72661
273.5,23.72661
273.6,23.454807
273.7,23.454807
273.8,23.454807
273.9,23.351393
274.0,23.351393
274.1,23.351393
274.2,23.110252
274.3,22.915287
274.4,22.915287
274.5,22.878263
274.6,22.878263
274.7,22.878263
274.8,22.801195
274.9,22.801195
275.0,22.801195
275.1,22.913687
275.2,22.913687
275.3,22.913687
275.4,23.068476
275.5,23.068476
275.6,23.068476
275.7,22.887474
275.8,22.72632
275.9,22.72632
276.0,22.630072
276.1,22.630072
276.2,22.630072
276.3,22.562977
276.4,22.562977
276.5,22.562977
276.6,22.475433
276.7,22.364117
276.8,22.364117
276.9,22.851852
277.0,22.851852
277.1,22.851852
277.2,23.256907
277.3,23.256907
277.4,23.256907
277.5,22.88156
277.6,22.88156
277.7,22.88156
277.8,22.648716
277.9,22.648716
278.0,22.648716
278.1,22.979643
278.2,22.979643
278.3,22.979643
278.4,22.925388
278.5,22.925388
278.6,22.925388
278.7,22.861265
278.8,22.861265
278.9,22.861265
279.0,22.688103
279.1,22.688103
279.2,22.688103
279.3,22.756813
279.4,22.756813
279.5,22.756813
279.6,22.734943
279.7,22.734943
279.8,22.734943
279.9,22.93934
280.0,22.93934
280.1,22.93934
280.2,23.207685
280.3,23.207685
280.4,23.207685
280.5,22.830399
280.6,22.830399
280.7,22.830399
280.8,22.533508
280.9,22.533508
281.0,22.533508
281.1,22.72624
281.2,22.72624
281.3,22.72624
281.4,22.587027
281.5,22.587027
281.6,22.587027
281.7,22.828558
281.8,22.828558
281.9,22.828558
282.0,22.68809
282.1,22.68809
282.2,22.68809
282.3,22.686445
282.4,22.686445
282.5,22.686445
282.6,22.539488
282.7,22.539488
282.8,22.539488
282.9,22.66604
283.0,22.66604
283.1,22.66604
283.2,23.011127
283.3,23.241497
283.4,23.241497
283.5,23.102713
283.6,23.102713
283.7,23.102713
283.8,22.886116
283.9,22.886116
284.0,22.886116
284.1,23.003618
284.2,23.003618
284.3,23.003618
284.4,23.2356
284.5,23.2356
284.6,23.2356
284.7,23.303228
284.8,23.303228
284.9,23.303228
285.0,23.224476
285.1,23.224476
285.2,23.224476
285.3,23.412273
285.4,23.412273
285.5,23.412273
285.6,23.233992
285.7,23.233992
285.8,23.233992
285.9,23.855867
286.0,23.855867
286.1,23.855867
286.2,23.900259
286.3,23.900259
286.4,23.900259
286.5,23.611032
286.6,23.611032
286.7,23.611032
286.8,23.542845
286.9,23.542845
287.0,23.542845
287.1,23.446001
287.2,23.446001
287.3,23.446001
287.4,23.173607
287.5,23.173607
287.6,23.173607
287.7,23.37748
287.8,23.37748
287.9,23.37748
288.0,23.5282
288.1,23.5282
288.2,23.5282
288.3,23.134905
288.4,23.134905
288.5,23.134905
288.6,22.710503
288.7,22.710503
288.8,22.710503
288.9,22.85338
289.0,22.85338
289.1,22.85338
289.2,23.242615
289.3,23.242615
289.4,23.242615
289.5,22.953852
289.6,22.953852
289.7,22.953852
289.8,22.866331
289.9,22.866331
290.0,22.866331
290.1,22.553993
290.2,22.398066
290.3,22.398066
290.4,22.349058
290.5,22.368313
290.6,22.368313
290.7,22.698177
290.8,22.730347
290.9,22.730347
291.0,22.70595
291.1,22.70595
291.2,22.70595
291.3,22.590458
291.4,22.6512
291.5,22.6512
291.6,22.682676
291.7,22.441154
291.8,22.441154
291.9,22.269943
292.0,22.285372
292.1,22.285372
292.2,22.389355
292.3,22.555765
292.4,22.555765
292.5,22.819464
292.6,23.025734
292.7,23.025734
292.8,23.466734
292.9,23.216125
293.0,23.216125
293.1,22.932978
293.2,22.932978
293.3,22.932978
293.4,22.745823
293.5,22.655315
293.6,22.655315
293.7,23.141184
293.8,23.141184
293.9,23.141184
294.0,23.425966
294.1,23.44724
294.2,23.44724
294.3,23.188257
294.4,23.179014
294.5,23.179014
294.6,22.827341
294.7,22.827341
294.8,22.827341
294.9,22.686428
295.0,22.997398
295.1,22.997398
295.2,23.353168
295.3,23.353168
295.4,23.353168
295.5,23.002636
295.6,22.854237
295.7,22.854237
295.8,22.747534
295.9,22.840607
296.0,22.840607
296.1,22.779943
296.2,22.670856
296.3,22.670856
296.4,22.536404
296.5,22.517706
296.6,22.517706
296.7,22.3569
296.8,22.3569
296.9,22.3569
297.0,21.992758
297.1,21.851248
297.2,21.851248
297.3,21.64051
297.4,21.64051
297.5,21.64051
297.6,22.411013
297.7,22.983189
297.8,22.983189
297.9,24.119732
298.0,24.283787
298.1,24.283787
298.2,24.40021
298.3,23.605482
298.4,23.605482
298.5,23.410759
298.6,23.40236
298.7,23.40236
298.8,23.40236
298.9,24.036768
299.0,24.036768
299.1,24.209505
299.2,23.981684
299.3,23.981684
299.4,23.981684
299.5,23.856413
299.6,23.856413
299.7,23.831839
299.8,23.689297
299.9,23.689297
300.0,23.571943
300.1,23.09746
300.2,23.09746
300.3,23.09746
300.4,22.894926
300.5,22.894926
300.6,22.963589
300.7,23.171345
300.8,23.171345
300.9,23.151249
301.0,23.236153
301.1,23.236153
301.2,23.284906
301.3,23.202423
301.4,23.202423
301.5,23.065418
301.6,23.09681
301.7,23.09681
301.8,23.184807
301.9,22.966908
302.0,22.966908
302.1,22.751902
302.2,22.682001
302.3,22.682001
302.4,22.639915
302.5,22.602655
302.6,22.602655
302.7,22.244635
302.8,21.808914
302.9,21.808914
303.0,21.827526
303.1,22.04065
303.2,22.04065
303.3,22.389593
303.4,22.417023
303.5,22.417023
303.6,22.362906
303.7,21.930199
303.8,21.930199
303.9,22.0324
304.0,21.918985
304.1,21.918985
304.2,21.985754
304.3,22.273819
304.4,22.273819
304.5,22.50732
304.6,22.173916
304.7,22.173916
304.8,21.889969
304.9,21.612244
305.0,21.612244
305.1,21.612244
305.2,21.67287
305.3,21.67287
305.4,21.650734
305.5,21.837421
305.6,21.837421
305.7,21.837421
305.8,21.980774
305.9,21.980774
306.0,21.79352
306.1,21.358843
306.2,21.358843
306.3,21.347315
306.4,21.319874
306.5,21.319874
306.6,21.367048
306.7,21.06699
306.8,21.06699
306.9,20.770832
307.0,20.756214
307.1,20.756214
307.2,20.756214
307.3,21.385006
307.4,21.385006
307.5,21.543915
307.6,21.66266
307.7,21.66266
307.8,21.680304
307.9,21.644121
308.0,21.644121
308.1,21.712091
308.2,21.57109
308.3,21.57109
308.4,21.6657
308.5,21.666086
308.6,21.666086
308.7,21.685793
308.8,21.81386
308.9,21.81386
309.0,21.67346
309.1,21.621954
309.2,21.621954
309.3,21.461151
309.4,21.159777
309.5,21.159777
309.6,20.767036
309.7,20.59967
309.8,20.59967
309.9,20.579329
310.0,20.764166
310.1,20.764166
310.2,20.764166
310.3,20.621271
310.4,20.621271
310.5,20.639442
310.6,20.834978
310.7,20.834978
310.8,20.834978
310.9,21.218227
311.0,21.218227
311.1,21.446882
311.2,21.897686
311.3,21.897686
311.4,22.027143
311.5,21.669373
311.6,21.669373
311.7,21.607399
311.8,21.595707
311.9,21.595707
312.0,21.614494
312.1,21.380491
312.2,21.380491
312.3,21.164816
312.4,21.23084
312.5,21.23084
312.6,21.457123
312.7,21.666279
312.8,21.666279
312.9,21.814432
313.0,21.80967
313.1,21.80967
313.2,21.79222
313.3,21.818481
313.4,21.818481
313.5,21.930828
313.6,22.268517
313.7,22.268517
313.8,22.407486
313.9,22.416883
314.0,22.416883
314.1,22.452892
314.2,22.452892
314.3,22.452892
314.4,22.700256
314.5,22.758072
314.6,22.758072
314.7,22.840263
314.8,22.748827
314.9,22.748827
315.0,22.557005
315.1,22.443209
315.2,22.443209
315.3,22.333426
315.4,22.394228
315.5,22.394228
315.6,22.132957
315.7,22.132957
315.8,22.132957
315.9,22.009897
316.0,22.077484
316.1,22.077484
316.2,22.525198
316.3,22.525198
316.4,22.525198
316.5,22.53561
316.6,22.501123
316.7,22.501123
316.8,22.391497
316.9,22.15993
317.0,22.15993
317.1,21.64085
317.2,21.64085
317.3,21.64085
317.4,21.575706
317.5,21.689192
317.6,21.689192
317.7,21.98002
317.8,21.98002
317.9,21.98002
318.0,22.19404
318.1,22.193436
318.2,22.193436
318.3,22.093807
318.4,21.851109
318.5,21.851109
318.6,21.89808
318.7,22.066647
318.8,22.066647
318.9,22.16752
319.0,22.137697
319.1,22.137697
319.2,22.276041
319.3,22.276041
319.4,22.276041
319.5,22.036144
319.6,21.747221
319.7,21.747221
319.8,21.599348
319.9,21.599348
320.0,21.599348
320.1,21.949284
320.2,22.083437
320.3,22.083437
320.4,22.201986
320.5,22.201986
320.6,22.201986
320.7,22.256393
320.8,22.256393
320.9,22.256393
321.0,22.151482
321.1,22.151482
321.2,22.151482
321.3,22.280472
321.4,22.280472
321.5,22.280472
321.6,22.687141
321.7,22.85643
321.8,22.85643
321.9,22.725601
322.0,22.725601
322.1,22.725601
322.2,22.49211
322.3,22.450348
322.4,22.450348
322.5,22.34202
322.6,22.34202
322.7,22.34202
322.8,22.219698
322.9,22.219698
323.0,22.219698
323.1,21.826998
323.2,21.826998
323.3,21.826998
323.4,21.711412
323.5,21.711412
323.6,21.711412
323.7,21.969719
323.8,21.969719
323.9,21.969719
324.0,21.787216
324.1,21.787216
324.2,21.787216
324.3,22.240171
324.4,22.240171
324.5,22.240171
324.6,22.542751
324.7,22.523495
324.8,22.523495
324.9,22.145048
325.0,22.145048
325.1,22.145048
325.2,22.408094
325.3,22.408094
325.4,22.408094
325.5,22.222076
325.6,22.222076
325.7,22.266273
325.8,22.524086
325.9,22.524086
326.0,22.524086
326.1,22.953873
326.2,22.984581
326.3,22.984581
326.4,23.048193
326.5,23.048193
326.6,23.048193
326.7,22.988409
326.8,23.071972
326.9,23.071972
327.0,22.805365
327.1,22.560919
327.2,22.560919
327.3,22.254843
327.4,21.9269
327.5,21.9269
327.6,22.252155
327.7,22.32972
327.8,22.32972
327.9,22.353476
328.0,22.353476
328.1,22.353476
328.2,22.483574
328.3,22.714783
328.4,22.714783
328.5,22.408415
328.6,22.414316
328.7,22.414316
328.8,22.49256
328.9,22.742813
329.0,22.742813
329.1,23.060474
329.2,22.949331
329.3,22.949331
329.4,22.889074
329.5,22.88433
329.6,22.88433
329.7,22.754782
329.8,22.561161
329.9,22.561161
330.0,21.884104
330.1,21.884104
330.2,21.884104
330.3,21.807758
330.4,22.110033
330.5,22.110033
330.6,22.52989
330.7,22.426046
330.8,22.426046
330.9,22.247074
331.0,21.980133
331.1,21.980133
331.2,21.640095
331.3,21.604004
331.4,21.604004
331.5,21.595356
331.6,21.754831
331.7,21.961262
331.8,22.08509
331.9,22.433157
332.0,22.433157
332.1,22.913853
332.2,22.996695
332.3,22.996695
332.4,22.721123
332.5,22.47187
332.6,22.47187
332.7,22.25674
332.8,22.099974
332.9,22.099974
333.0,21.898487
333.1,21.891998
333.2,21.891998
333.3,21.824858
333.4,21.647894
333.5,21.647894
333.6,21.851501
333.7,22.12972
333.8,22.12972
333.9,22.30964
334.0,22.226856
334.1,22.226856
334.2,22.043674
334.3,21.971855
334.4,21.971855
334.5,21.941257
334.6,21.75675
334.7,21.75675
334.8,21.680597
334.9,21.62747
335.0,21.62747
335.1,21.85803
335.2,21.844524
335.3,21.844524
335.4,21.842896
335.5,21.876953
335.6,21.876953
335.7,22.004114
335.8,22.48741
335.9,22.48741
336.0,22.56656
336.1,22.345089
336.2,22.345089
336.3,22.345089
336.4,21.732481
336.5,21.511574
336.6,21.511574
336.7,21.651394
336.8,21.651394
336.9,21.651394
337.0,21.690838
337.1,21.690838
337.2,21.690838
337.3,21.64309
337.4,21.64309
337.5,21.849535
337.6,21.980864
337.7,21.980864
337.8,21.980864
337.9,21.949253
338.0,21.954111
338.1,21.954111
338.2,21.819212
338.3,21.819212
338.4,21.819212
338.5,21.631208
338.6,21.631208
338.7,21.631208
338.8,21.48749
338.9,21.48749
339.0,21.48749
339.1,21.487738
339.2,21.487738
339.3,21.487738
339.4,21.986546
339.5,21.986546
339.6,21.986546
339.7,21.883718
339.8,21.883718
339.9,21.883718
340.0,21.688128
340.1,21.688128
340.2,21.688128
340.3,21.90704
340.4,21.90704
340.5,21.90704
340.6,21.790136
340.7,21.790136
340.8,21.790136
340.9,22.010773
341.0,22.010773
341.1,22.010773
341.2,21.919819
341.3,21.919819
341.4,21.919819
341.5,21.889261
341.6,21.889261
341.7,21.889261
341.8,21.793076
341.9,21.793076
342.0,21.793076
342.1,21.761024
342.2,21.761024
342.3,21.761024
342.4,22.43047
342.5,22.43047
342.6,22.43047
342.7,22.489042
342.8,22.489042
342.9,22.489042
343.0,21.951305
343.1,21.951305
343.2,21.951305
343.3,21.917154
343.4,21.917154
343.5,21.917154
343.6,22.152786
343.7,22.152786
343.8,22.152786
343.9,22.158756
344.0,22.158756
344.1,22.158756
344.2,21.679094
344.3,21.679094
344.4,21.679094
344.5,21.942093
344.6,21.942093
344.7,21.942093
344.8,21.80714
344.9,21.80714
345.0,21.80714
345.1,22.239923
345.2,22.239923
345.3,22.239923
345.4,22.667961
345.5,22.667961
345.6,22.667961
345.7,23.223814
345.8,23.223814
345.9,23.223814
346.0,22.406282
346.1,22.406282
346.2,22.406282
346.3,22.448782
346.4,22.448782
346.5,22.448782
346.6,23.016388
346.7,23.016388
346.8,23.016388
346.9,23.057426
347.0,23.057426
347.1,23.057426
347.2,22.623735
347.3,22.623735
347.4,22.623735
347.5,22.27789
347.6,22.27789
347.7,22.27789
347.8,22.653471
347.9,22.653471
348.0,22.653471
348.1,22.226954
348.2,22.226954
348.3,22.226954
348.4,22.517403
348.5,22.517403
348.6,22.517403
348.7,22.444706
348.8,22.444706
348.9,22.444706
349.0,23.028837
349.1,23.028837
349.2,23.028837
349.3,22.97813
349.4,22.97813
349.5,22.97813
349.6,22.133444
349.7,22.133444
349.8,22.133444
349.9,22.27831
350.0,22.27831
350.1,22.27831
350.2,22.122316
350.3,22.122316
350.4,22.122316
350.5,22.408167
350.6,22.408167
350.7,22.408167
350.8,22.330078
350.9,22.330078
351.0,22.330078
351.1,22.327587
351.2,22.327587
351.3,22.327587
351.4,22.468502
351.5,22.468502
351.6,22.468502
351.7,22.002146
351.8,22.002146
351.9,22.002146
352.0,22.008753
352.1,22.008753
352.2,22.008753
352.3,22.303326
352.4,22.303326
352.5,22.303326
352.6,22.66637
352.7,22.66637
352.8,22.66637
352.9,22.534895
353.0,22.534895
353.1,22.534895
353.2,22.155788
353.3,22.155788
353.4,22.155788
353.5,22.423306
353.6,22.423306
353.7,22.423306
353.8,22.493343
353.9,22.493343
354.0,22.493343
354.1,22.4761
354.2,22.4761
354.3,22.4761
354.4,22.766611
354.5,22.766611
354.6,22.766611
354.7,22.935766
354.8,22.935766
354.9,22.935766
355.0,22.102623
355.1,22.102623
355.2,22.102623
355.3,21.815199
355.4,21.815199
355.5,21.815199
355.6,22.209572
355.7,22.209572
355.8,22.209572
355.9,22.453367
356.0,22.453367
356.1,22.453367
356.2,21.926756
356.3,21.926756
356.4,21.926756
356.5,21.933558
356.6,21.933558
356.7,21.933558
356.8,21.872116
356.9,21.872116
357.0,21.872116
357.1,22.168114
357.2,22.168114
357.3,22.168114
357.4,22.008053
357.5,22.008053
357.6,22.008053
357.7,21.758987
357.8,21.758987
357.9,21.758987
358.0,21.71049
358.1,21.71049
358.2,21.71049
358.3,21.529339
358.4,21.529339
358.5,21.529339
358.6,21.358541
358.7,21.358541
358.8,21.358541
358.9,21.092394
359.0,21.092394
359.1,21.092394
359.2,20.992252
359.3,20.992252
359.4,20.992252
359.5,20.901508
359.6,20.901508
359.7,20.901508
359.8,20.750313
359.9,20.750313
360.0,20.750313
360.1,21.320063
360.2,21.320063
360.3,21.320063
360.4,21.278687
360.5,21.278687
360.6,21.278687
360.7,21.714848
360.8,21.714848
360.9,21.714848
361.0,22.060457
361.1,22.060457
361.2,22.060457
361.3,21.464006
361.4,21.464006
361.5,21.464006
361.6,21.528933
361.7,21.528933
361.8,21.528933
361.9,21.714539
362.0,21.714539
362.1,21.714539
362.2,21.339647
362.3,21.339647
362.4,21.339647
362.5,21.699043
362.6,21.699043
362.7,21.699043
362.8,22.149803
362.9,22.18955
363.0,22.18955
363.1,22.273129
363.2,22.273129
363.3,22.273129
363.4,21.899113
363.5,21.899113
363.6,21.899113
363.7,21.878866
363.8,21.878866
363.9,21.871998
364.0,21.668005
364.1,21.668005
364.2,21.668005
364.3,21.885086
364.4,21.885086
364.5,22.012321
364.6,21.990898
364.7,21.990898
364.8,21.990898
364.9,21.797604
365.0,21.797604
365.1,21.797604
365.2,22.086973
365.3,22.086973
365.4,22.388641
365.5,22.847229
365.6,22.847229
365.7,22.847229
365.8,22.485739
365.9,22.485739
366.0,22.167688
366.1,21.985312
366.2,21.985312
366.3,21.985312
366.4,21.714981
366.5,21.714981
366.6,21.714981
366.7,22.036514
366.8,22.036514
366.9,22.036514
367.0,21.953108
367.1,21.953108
367.2,21.953108
367.3,22.218576
367.4,22.218576
367.5,22.218576
367.6,22.7559
367.7,22.7559
367.8,22.7559
367.9,22.7369
368.0,22.7369
368.1,22.7369
368.2,22.96626
368.3,22.96626
368.4,22.96626
368.5,22.87986
368.6,22.87986
368.7,22.87986
368.8,22.842163
368.9,22.842163
369.0,22.842163
369.1,22.93285
369.2,22.93285
369.3,22.93285
369.4,23.370457
369.5,23.370457
369.6,23.370457
369.7,23.53363
369.8,23.53363
369.9,23.53363
370.0,23.434683
370.1,23.434683
370.2,23.434683
370.3,23.762901
370.4,23.762901
370.5,23.762901
370.6,23.310139
370.7,23.310139
370.8,23.310139
370.9,23.044456
371.0,23.044456
371.1,23.044456
371.2,23.03989
371.3,23.03989
371.4,23.03989
371.5,22.742102
371.6,22.742102
371.7,22.742102
371.8,22.54092
371.9,22.54092
372.0,22.54092
372.1,22.244139
372.2,22.244139
372.3,22.244139
372.4,22.312046
372.5,22.312046
372.6,22.312046
372.7,22.847729
372.8,22.847729
372.9,22.847729
373.0,23.546331
373.1,23.546331
373.2,23.546331
373.3,22.799316
373.4,22.799316
373.5,22.799316
373.6,22.854343
373.7,22.854343
373.8,22.854343
373.9,23.486223
374.0,23.486223
374.1,23.486223
374.2,23.220964
374.3,23.220964
374.4,23.220964
374.5,23.481258
374.6,23.481258
374.7,23.481258
374.8,23.549408
374.9,23.549408
375.0,23.549408
375.1,23.231522
375.2,23.231522
375.3,23.231522
375.4,23.501177
375.5,23.501177
375.6,23.501177
375.7,23.601133
375.8,23.601133
375.9,23.601133
376.0,23.8483
376.1,23.8483
376.2,23.8483
376.3,23.91548
376.4,23.742798
376.5,23.742798
376.6,23.183764
376.7,23.183764
376.8,23.183764
376.9,22.198465
377.0,22.198465
377.1,22.198465
377.2,22.633547
377.3,23.054075
377.4,23.054075
377.5,23.251564
377.6,23.08401
377.7,23.08401
377.8,22.927713
377.9,23.001738
378.0,23.001738
378.1,23.263988
378.2,23.38616
378.3,23.38616
378.4,23.456217
378.5,23.456217
378.6,23.456217
378.7,23.492376
378.8,23.386555
378.9,23.386555
379.0,23.172436
379.1,23.172436
379.2,23.172436
379.3,22.930113
379.4,22.773138
379.5,22.773138
379.6,22.729155
379.7,22.750542
379.8,22.750542
379.9,22.991344
380.0,23.095062
380.1,23.095062
380.2,22.929968
380.3,22.918974
380.4,22.918974
380.5,23.030743
380.6,23.091715
380.7,23.091715
380.8,23.268324
380.9,23.250036
381.0,23.250036
381.1,23.621449
381.2,23.609533
381.3,23.609533
381.4,23.38252
381.5,23.121017
381.6,23.121017
381.7,22.87537
381.8,23.025858
381.9,23.025858
382.0,23.03507
382.1,23.03507
382.2,23.03507
382.3,23.010801
382.4,22.855902
382.5,22.855902
382.6,22.90474
382.7,23.082407
382.8,23.082407
382.9,23.502195
383.0,23.502195
383.1,23.502195
383.2,23.04927
383.3,22.970613
383.4,22.970613
383.5,22.969666
383.6,22.969666
383.7,22.969666
383.8,23.386282
383.9,23.469736
384.0,23.469736
384.1,23.341196
384.2,23.147612
384.3,23.147612
384.4,23.096455
384.5,23.013243
384.6,23.013243
384.7,23.471258
384.8,23.471804
384.9,23.471804
385.0,23.474272
385.1,23.469864
385.2,23.469864
385.3,23.513968
385.4,23.401014
385.5,23.401014
385.6,23.393812
385.7,23.393812
385.8,23.393812
385.9,23.103842
386.0,22.95561
386.1,22.95561
386.2,22.90027
386.3,22.90027
386.4,22.90027
386.5,23.150291
386.6,23.150291
386.7,23.150291
386.8,22.969728
386.9,22.969728
387.0,22.969728
387.1,22.621346
387.2,22.621346
387.3,22.621346
387.4,23.184177
387.5,23.627916
387.6,23.627916
387.7,23.736769
387.8,23.736769
387.9,23.736769
388.0,23.771524
388.1,23.697708
388.2,23.697708
388.3,23.452074
388.4,23.452074
388.5,23.452074
388.6,22.920778
388.7,22.920778
388.8,22.920778
388.9,22.74938
389.0,22.74938
389.1,22.727175
389.2,22.667543
389.3,22.667543
389.4,22.667543
389.5,22.985004
389.6,23.20585
389.7,23.20585
389.8,23.256117
389.9,23.256117
390.0,23.256117
390.1,23.283743
390.2,23.283743
390.3,23.283743
390.4,23.165382
390.5,23.165382
390.6,23.165382
390.7,23.122036
390.8,23.122036
390.9,23.122036
391.0,22.932999
391.1,22.932999
391.2,22.932999
391.3,23.197483
391.4,23.197483
391.5,23.197483
391.6,23.433405
391.7,23.433405
391.8,23.433405
391.9,23.12258
392.0,23.12258
392.1,22.887913
392.2,22.7819
392.3,22.7819
392.4,22.7819
392.5,22.96724
392.6,22.96724
392.7,22.96724
392.8,22.881702
392.9,22.881702
393.0,22.881702
393.1,22.861546
393.2,22.861546
393.3,22.861546
393.4,22.58321
393.5,22.58321
393.6,22.58321
393.7,22.32529
393.8,22.32529
393.9,22.32529
394.0,21.646763
394.1,21.646763
394.2,21.646763
394.3,21.548199
394.4,21.548199
394.5,21.548199
394.6,21.815397
394.7,21.815397
394.8,21.815397
394.9,22.146175
395.0,22.146175
395.1,22.146175
395.2,22.438417
395.3,22.438417
395.4,22.438417
395.5,22.938934
395.6,22.938934
395.7,22.938934
395.8,23.007662
395.9,23.007662
396.0,23.007662
396.1,22.52002
396.2,22.52002
396.3,22.52002
396.4,22.501192
396.5,22.501192
396.6,22.501192
396.7,22.610352
396.8,22.610352
396.9,22.610352
397.0,22.399242
397.1,22.399242
397.2,22.399242
397.3,22.831505
397.4,22.831505
397.5,22.831505
397.6,23.122946
397.7,23.122946
397.8,23.122946
397.9,23.39586
398.0,23.39586
398.1,23.39586
398.2,22.83041
398.3,22.83041
398.4,22.83041
398.5,22.209507
398.6,22.209507
398.7,22.209507
398.8,22.100313
398.9,22.100313
399.0,22.100313
399.1,22.312716
399.2,22.312716
399.3,22.312716
399.4,22.843977
399.5,22.843977
399.6,22.843977
399.7,22.787348
399.8,22.787348
399.9,22.787348
400.0,23.130371
400.1,23.130371
400.2,23.130371
400.3,23.96568
400.4,23.96568
400.5,23.96568
400.6,24.290154
400.7,24.290154
400.8,24.290154
400.9,23.783766
401.0,23.783766
401.1,23.783766
401.2,23.334604
401.3,23.334604
401.4,23.334604
401.5,23.019327
401.6,23.019327
401.7,23.019327
401.8,23.022715
401.9,23.022715
402.0,23.022715
402.1,22.493372
402.2,22.493372
402.3,22.493372
402.4,22.52237
402.5,22.52237
402.6,22.52237
402.7,22.476349
402.8,22.476349
402.9,22.476349
403.0,22.59149
403.1,22.59149
403.2,22.59149
403.3,23.134039
403.4,23.134039
403.5,23.134039
403.6,24.172855
403.7,24.172855
403.8,24.172855
403.9,24.455896
404.0,24.455896
404.1,24.455896
404.2,24.145077
404.3,24.145077
404.4,24.145077
404.5,23.662754
404.6,23.662754
404.7,23.662754
404.8,23.59995
404.9,23.59995
405.0,23.59995
405.1,23.221678
405.2,23.221678
405.3,23.221678
405.4,23.690876
405.5,23.690876
405.6,23.690876
405.7,23.713377
405.8,23.713377
405.9,23.713377
406.0,22.994436
406.1,22.994436
406.2,22.994436
406.3,22.738821
406.4,22.738821
406.5,22.738821
406.6,23.205297
406.7,23.205297
406.8,23.205297
406.9,23.683702
407.0,23.683702
407.1,23.683702
407.2,23.027803
407.3,23.027803
407.4,23.027803
407.5,22.928617
407.6,22.928617
407.7,22.928617
407.8,23.303036
407.9,23.303036
408.0,23.303036
408.1,22.930235
408.2,22.930235
408.3,22.930235
408.4,23.401169
408.5,23.401169
408.6,23.401169
408.7,23.595636
408.8,23.595636
408.9,23.595636
409.0,22.843166
409.1,22.843166
409.2,22.843166
409.3,22.159767
409.4,22.159767
409.5,22.159767
409.6,22.59991
409.7,22.59991
409.8,22.59991
409.9,23.185993
410.0,23.185993
410.1,23.185993
410.2,23.170784
410.3,23.170784
410.4,23.170784
410.5,22.777927
410.6,22.777927
410.7,22.777927
410.8,22.830696
410.9,22.830696
411.0,22.830696
411.1,22.724386
411.2,22.724386
411.3,22.724386
411.4,22.935406
411.5,22.935406
411.6,22.935406
411.7,22.893759
411.8,22.893759
411.9,22.893759
412.0,22.553043
412.1,22.553043
412.2,22.553043
412.3,21.89021
412.4,21.89021
412.5,21.89021
412.6,21.83843
412.7,21.83843
412.8,21.83843
412.9,22.206846
413.0,22.206846
413.1,22.206846
413.2,21.914309
413.3,21.914309
413.4,21.914309
413.5,21.728468
413.6,21.728468
413.7,21.728468
413.8,22.16852
413.9,22.16852
414.0,22.16852
414.1,22.1554
414.2,22.1554
414.3,22.1554
414.4,21.802452
414.5,21.802452
414.6,21.802452
414.7,22.42398
414.8,22.42398
414.9,22.42398
415.0,22.640501
415.1,22.640501
415.2,22.640501
415.3,22.661238
415.4,22.661238
415.5,22.661238
415.6,22.489393
415.7,22.489393
415.8,22.489393
415.9,22.680279
416.0,22.680279
416.1,22.680279
416.2,22.442188
416.3,22.442188
416.4,22.442188
416.5,22.479473
416.6,22.479473
416.7,22.479473
416.8,22.675459
416.9,22.675459
417.0,22.675459
417.1,23.006012
417.2,23.006012
417.3,23.006012
417.4,23.065071
417.5,23.065071
417.6,23.065071
417.7,22.740383
417.8,22.740383
417.9,22.740383
418.0,22.637518
418.1,22.637518
418.2,22.637518
418.3,22.49755
418.4,22.49755
418.5,22.49755
418.6,23.22307
418.7,23.22307
418.8,23.22307
418.9,22.970036
419.0,22.970036
419.1,22.970036
419.2,22.598078
419.3,22.598078
419.4,22.598078
419.5,22.649183
419.6,22.649183
419.7,22.649183
419.8,22.569105
419.9,22.569105
420.0,22.569105
420.1,22.591333
420.2,22.591333
420.3,22.591333
420.4,22.057146
420.5,22.057146
420.6,22.057146
420.7,22.443472
420.8,22.443472
420.9,22.443472
421.0,22.608923
421.1,22.608923
421.2,22.608923
421.3,22.14598
421.4,22.14598
421.5,22.14598
421.6,22.257217
421.7,22.257217
421.8,22.257217
421.9,22.8297
422.0,22.8297
422.1,22.8297
422.2,22.792236
422.3,22.792236
422.4,22.792236
422.5,22.529657
422.6,22.529657
422.7,22.529657
422.8,22.49644
422.9,22.49644
423.0,22.49644
423.1,22.698965
423.2,22.698965
423.3,22.698965
423.4,22.306955
423.5,22.306955
423.6,22.306955
423.7,22.229748
423.8,22.229748
423.9,22.229748
424.0,22.374352
424.1,22.374352
424.2,22.374352
424.3,22.718845
424.4,22.718845
424.5,22.718845
424.6,22.856348
424.7,22.856348
424.8,22.856348
424.9,22.989195
425.0,22.989195
425.1,22.989195
425.2,22.5434
425.3,22.5434
425.4,22.5434
425.5,22.285292
425.6,22.285292
425.7,22.285292
425.8,22.562372
425.9,22.562372
426.0,22.562372
426.1,22.33604
426.2,22.33604
426.3,22.33604
426.4,22.596405
426.5,22.596405
426.6,22.596405
426.7,22.43493
426.8,22.43493
426.9,22.43493
427.0,21.946028
427.1,21.946028
427.2,21.946028
427.3,21.683731
427.4,21.820116
427.5,21.820116
427.6,22.043169
427.7,22.043169
427.8,22.043169
427.9,22.08483
428.0,22.08483
428.1,22.08483
428.2,22.091969
428.3,22.091969
428.4,22.091969
428.5,21.838211
428.6,21.838211
428.7,21.838211
428.8,21.584494
428.9,21.584494
429.0,21.584494
429.1,21.88462
429.2,21.88462
429.3,21.88462
429.4,21.776186
429.5,21.776186
429.6,21.776186
429.7,22.22125
429.8,22.22125
429.9,22.22125
430.0,22.585009
430.1,22.585009
430.2,22.585009
430.3,22.727165
430.4,22.727165
430.5,22.727165
430.6,22.353775
430.7,22.353775
430.8,22.353775
430.9,22.778406
431.0,22.778406
431.1,22.778406
431.2,22.625353
431.3,22.625353
431.4,22.625353
431.5,22.09367
431.6,22.09367
431.7,22.09367
431.8,21.733198
431.9,21.733198
432.0,21.733198
432.1,21.541569
432.2,21.541569
432.3,21.541569
432.4,21.314762
432.5,21.314762
432.6,21.314762
432.7,22.138342
432.8,22.138342
432.9,22.138342
433.0,22.281698
433.1,22.281698
433.2,22.308378
433.3,22.280947
433.4,22.280947
433.5,22.36676
433.6,22.217585
433.7,22.217585
433.8,22.217585
433.9,22.377234
434.0,22.377234
434.1,22.363533
434.2,21.972086
434.3,21.972086
434.4,21.972086
434.5,22.102156
434.6,22.102156
434.7,22.102156
434.8,21.970572
434.9,21.970572
435.0,21.928936
435.1,21.816141
435.2,21.816141
435.3,21.816141
435.4,21.731688
435.5,21.731688
435.6,21.743483
435.7,21.789175
435.8,21.789175
435.9,21.789175
436.0,21.873228
436.1,21.873228
436.2,21.873228
436.3,22.315351
436.4,22.315351
436.5,22.315351
436.6,22.320871
436.7,22.320871
436.8,22.320871
436.9,22.474493
437.0,22.474493
437.1,22.474493
437.2,23.07701
437.3,23.07701
437.4,23.07701
437.5,23.245531
437.6,23.245531
437.7,23.245531
437.8,22.978804
437.9,22.978804
438.0,22.978804
438.1,23.039545
438.2,23.039545
438.3,23.039545
438.4,23.132473
438.5,23.132473
438.6,23.132473
438.7,23.4601
438.8,23.4601
438.9,23.4601
439.0,23.22609
439.1,23.22609
439.2,23.22609
439.3,22.549578
439.4,22.549578
439.5,22.549578
439.6,22.026344
439.7,22.026344
439.8,22.026344
439.9,22.444294
440.0,22.444294
440.1,22.444294
440.2,21.978598
440.3,21.978598
440.4,21.978598
440.5,21.554924
440.6,21.554924
440.7,21.554924
440.8,21.61321
440.9,21.61321
441.0,21.61321
441.1,22.062065
441.2,22.062065
441.3,22.062065
441.4,21.98269
441.5,21.98269
441.6,21.98269
441.7,21.795885
441.8,21.795885
441.9,21.795885
442.0,21.701492
442.1,21.701492
442.2,21.701492
442.3,21.745882
442.4,21.745882
442.5,21.745882
442.6,22.179659
442.7,22.179659
442.8,22.179659
442.9,22.20017
443.0,22.20017
443.1,22.20017
443.2,22.25453
443.3,22.25453
443.4,22.25453
443.5,21.918346
443.6,21.918346
443.7,21.918346
443.8,22.30686
443.9,22.30686
444.0,22.30686
444.1,22.341143
444.2,22.341143
444.3,22.341143
444.4,22.327833
444.5,22.327833
444.6,22.327833
444.7,22.450964
444.8,22.450964
444.9,22.352654
445.0,22.181524
445.1,22.181524
445.2,22.181524
445.3,22.167118
445.4,22.167118
445.5,22.167118
445.6,22.383713
445.7,22.383713
445.8,22.383713
445.9,22.75942
446.0,22.75942
446.1,22.75942
446.2,22.86633
446.3,22.86633
446.4,22.83861
446.5,22.722555
446.6,22.722555
446.7,22.722555
446.8,22.951115
446.9,22.951115
447.0,23.024332
447.1,23.246332
447.2,23.246332
447.3,23.246332
447.4,23.136211
447.5,23.136211
447.6,23.136211
447.7,22.908585
447.8,22.908585
447.9,22.908585
448.0,22.401129
448.1,22.401129
448.2,22.401129
448.3,22.25472
448.4,22.25472
448.5,22.25472
448.6,22.803524
448.7,22.803524
448.8,22.803524
448.9,23.027952
449.0,23.027952
449.1,23.027952
449.2,22.89162
449.3,22.89162
449.4,22.89162
449.5,23.145527
449.6,23.145527
449.7,23.145527
449.8,23.02136
449.9,23.02136
450.0,23.02136
450.1,22.31088
450.2,22.31088
450.3,22.31088
450.4,22.527506
450.5,22.527506
450.6,22.527506
450.7,23.501595
450.8,23.501595
450.9,23.501595
451.0,22.654577
451.1,22.654577
451.2,22.654577
451.3,21.821072
451.4,21.821072
451.5,21.821072
451.6,22.54462
451.7,22.54462
451.8,22.54462
451.9,22.453865
452.0,22.453865
452.1,22.453865
452.2,22.452288
452.3,22.452288
452.4,22.452288
452.5,22.53435
452.6,22.915031
452.7,22.915031
452.8,23.092758
452.9,23.092758
453.0,23.092758
453.1,23.214422
453.2,23.214422
453.3,23.214422
453.4,23.080248
453.5,23.080248
453.6,23.080248
453.7,22.90096
453.8,22.90096
453.9,22.90096
454.0,23.042473
454.1,23.042473
454.2,23.042473
454.3,23.148613
454.4,23.148613
454.5,23.148613
454.6,23.448305
454.7,23.448305
454.8,23.448305
454.9,22.81523
455.0,22.81523
455.1,22.81523
455.2,22.031712
455.3,22.031712
455.4,22.031712
455.5,22.40471
455.6,22.40471
455.7,22.40471
455.8,23.111515
455.9,23.111515
456.0,23.111515
456.1,23.193377
456.2,23.193377
456.3,23.193377
456.4,23.01507
456.5,23.01507
456.6,23.000885
456.7,23.08504
456.8,23.08504
456.9,23.08504
457.0,22.763845
457.1,22.763845
457.2,22.763845
457.3,22.59208
457.4,22.59208
457.5,22.59208
457.6,22.376732
457.7,22.376732
457.8,22.376732
457.9,22.398825
458.0,22.398825
458.1,22.398825
458.2,23.13744
458.3,23.13744
458.4,23.13744
458.5,23.074274
458.6,23.074274
458.7,23.074274
458.8,23.176615
458.9,23.176615
459.0,23.176615
459.1,23.257713
459.2,23.257713
459.3,23.257713
459.4,22.95034
459.5,22.95034
459.6,22.95034
459.7,22.555681
459.8,22.555681
459.9,22.555681
460.0,22.582987
460.1,22.582987
460.2,22.582987
460.3,22.638708
460.4,22.638708
460.5,22.638708
460.6,22.89697
460.7,22.89697
460.8,22.89697
460.9,22.774843
461.0,22.774843
461.1,22.774843
461.2,22.875076
461.3,22.875076
461.4,22.875076
461.5,23.222012
461.6,23.222012
461.7,23.222012
461.8,23.012896
461.9,23.012896
462.0,23.012896
462.1,23.087847
462.2,23.087847
462.3,23.087847
462.4,22.910286
462.5,22.910286
462.6,22.910286
462.7,23.388908
462.8,23.388908
462.9,23.388908
463.0,23.68587
463.1,23.68587
463.2,23.68587
463.3,23.91313
463.4,23.91313
463.5,23.91313
463.6,24.276606
463.7,24.276606
463.8,24.276606
463.9,24.016926
464.0,24.016926
464.1,24.016926
464.2,23.293371
464.3,23.293371
464.4,23.293371
464.5,23.109049
464.6,23.109049
464.7,23.109049
464.8,23.051367
464.9,23.051367
465.0,23.051367
465.1,22.649546
465.2,22.649546
465.3,22.649546
465.4,22.610334
465.5,22.610334
465.6,22.610334
465.7,22.72577
465.8,22.72577
465.9,22.72577
466.0,23.122599
466.1,23.122599
466.2,23.122599
466.3,23.583912
466.4,23.583912
466.5,23.583912
466.6,23.602898
466.7,23.602898
466.8,23.602898
466.9,22.883635
467.0,22.883635
467.1,22.883635
467.2,22.782473
467.3,22.782473
467.4,22.782473
467.5,22.98946
467.6,22.98946
467.7,22.98946
467.8,23.099232
467.9,23.099232
468.0,23.099232
468.1,22.494701
468.2,22.494701
468.3,22.494701
468.4,23.309378
468.5,23.309378
468.6,23.309378
468.7,23.108068
468.8,23.108068
468.9,23.108068
469.0,22.51618
469.1,22.51618
469.2,22.51618
469.3,22.50655
469.4,22.50655
469.5,22.50655
469.6,22.85698
469.7,22.85698
469.8,22.85698
469.9,23.21577
470.0,23.21577
470.1,23.21577
470.2,23.270983
470.3,23.270983
470.4,23.270983
470.5,23.064316
470.6,23.064316
470.7,23.064316
470.8,23.03824
470.9,23.03824
471.0,23.03824
471.1,23.387291
471.2,23.387291
471.3,23.387291
471.4,23.440098
471.5,23.440098
471.6,23.440098
471.7,23.638235
471.8,23.638235
471.9,23.638235
472.0,23.519922
472.1,23.519922
472.2,23.519922
472.3,23.147697
472.4,23.147697
472.5,23.147697
472.6,22.998747
472.7,22.998747
472.8,22.998747
472.9,23.384914
473.0,23.384914
473.1,23.384914
473.2,22.897854
473.3,22.897854
473.4,22.897854
473.5,22.423147
473.6,22.423147
473.7,22.423147
473.8,22.670437
473.9,22.670437
474.0,22.670437
474.1,22.684536
474.2,22.684536
474.3,22.684536
474.4,22.398067
474.5,22.398067
474.6,22.398067
474.7,22.220839
474.8,22.220839
474.9,22.220839
475.0,22.609306
475.1,22.609306
475.2,22.609306
475.3,23.026134
475.4,23.026134
475.5,23.026134
475.6,22.652515
475.7,22.652515
475.8,22.652515
475.9,22.833769
476.0,22.833769
476.1,22.833769
476.2,23.213503
476.3,23.213503
476.4,23.213503
476.5,23.34478
476.6,23.34478
476.7,23.34478
476.8,22.495935
476.9,22.495935
477.0,22.495935
477.1,22.298933
477.2,22.298933
477.3,22.298933
477.4,22.326078
477.5,22.326078
477.6,22.326078
477.7,22.23483
477.8,22.23483
477.9,22.23483
478.0,22.45382
478.1,22.45382
478.2,22.45382
478.3,22.46696
478.4,22.46696
478.5,22.46696
478.6,22.69764
478.7,22.69764
478.8,22.69764
478.9,22.798492
479.0,22.798492
479.1,22.798492
479.2,22.865305
479.3,22.865305
479.4,22.865305
479.5,22.429476
479.6,22.429476
479.7,22.429476
479.8,22.123747
479.9,22.123747
480.0,22.123747
480.1,22.741194
480.2,22.741194
480.3,22.741194
480.4,22.839231
480.5,22.839231
480.6,22.839231
480.7,21.984537
480.8,21.984537
480.9,21.984537
481.0,21.742062
481.1,21.742062
481.2,21.742062
481.3,22.381102
481.4,22.381102
481.5,22.381102
481.6,22.801744
481.7,22.801744
481.8,22.801744
481.9,22.435064
482.0,22.435064
482.1,22.435064
482.2,22.035458
482.3,21.886808
482.4,21.886808
482.5,21.850698
482.6,21.850698
482.7,21.850698
482.8,21.639545
482.9,21.639545
483.0,21.639545
483.1,21.68276
483.2,21.68276
483.3,21.68276
483.4,21.779303
483.5,21.779303
483.6,21.779303
483.7,22.294044
483.8,22.294044
483.9,22.294044
484.0,22.568714
484.1,22.717953
484.2,22.717953
484.3,22.47532
484.4,22.47532
484.5,22.47532
484.6,21.20866
484.7,21.20866
484.8,21.20866
484.9,21.64797
485.0,21.64797
485.1,21.64797
485.2,21.659365
485.3,21.659365
485.4,21.659365
485.5,21.68639
485.6,21.68639
485.7,21.68639
485.8,21.712109
485.9,21.712109
486.0,21.712109
486.1,21.53625
486.2,21.53625
486.3,21.53625
486.4,21.46905
486.5,21.46905
486.6,21.46905
486.7,21.416529
486.8,21.416529
486.9,21.416529
487.0,21.553785
487.1,21.553785
487.2,21.553785
487.3,22.20669
487.4,22.20669
487.5,22.20669
487.6,22.167435
487.7,22.167435
487.8,22.167435
487.9,21.859282
488.0,21.859282
488.1,21.859282
488.2,21.745457
488.3,21.745457
488.4,21.745457
488.5,21.89716
488.6,21.89716
488.7,21.89716
488.8,22.443933
488.9,22.443933
489.0,22.443933
489.1,22.193586
489.2,22.193586
489.3,22.193586
489.4,21.834618
489.5,21.834618
489.6,21.834618
489.7,21.630915
489.8,21.630915
489.9,21.630915
490.0,21.90124
490.1,21.90124
490.2,21.90124
490.3,21.275303
490.4,21.275303
490.5,21.275303
490.6,21.17849
490.7,21.17849
490.8,21.17849
490.9,21.407003
491.0,21.407003
491.1,21.407003
491.2,21.76934
491.3,21.76934
491.4,21.76934
491.5,21.631817
491.6,21.631817
491.7,21.631817
491.8,21.929277
491.9,21.929277
492.0,21.929277
492.1,21.865862
492.2,21.865862
492.3,21.865862
492.4,21.421694
492.5,21.421694
492.6,21.421694
492.7,20.943823
492.8,20.943823
492.9,20.943823
493.0,21.614658
493.1,21.614658
493.2,21.614658
493.3,22.189453
493.4,22.189453
493.5,22.189453
493.6,21.224693
493.7,21.224693
493.8,21.224693
493.9,21.190197
494.0,21.190197
494.1,21.190197
494.2,21.164192
494.3,21.164192
494.4,21.164192
494.5,21.434406
494.6,21.434406
494.7,21.434406
494.8,21.790173
494.9,21.790173
495.0,21.790173
495.1,22.010546
495.2,22.010546
495.3,22.010546
495.4,21.766119
495.5,21.766119
495.6,21.766119
495.7,21.532621
495.8,21.532621
495.9,21.532621
496.0,21.299128
496.1,21.299128
496.2,21.299128
496.3,21.505621
496.4,21.505621
496.5,21.505621
496.6,21.652702
496.7,21.652702
496.8,21.652702
496.9,21.773125
497.0,21.773125
497.1,21.773125
497.2,21.883324
497.3,21.883324
497.4,21.883324
497.5,21.685051
497.6,21.685051
497.7,21.685051
497.8,22.266182
497.9,22.266182
498.0,22.266182
498.1,21.89986
498.2,21.89986
498.3,21.89986
498.4,21.732548
498.5,21.732548
498.6,21.732548
498.7,21.787237
498.8,21.787237
498.9,21.787237
499.0,21.694635
499.1,21.694635
499.2,21.694635
499.3,21.959066
499.4,21.959066
499.5,21.959066
499.6,21.940212
499.7,21.8467
499.8,21.8467
499.9,21.921556
500.0,21.921556
500.1,21.921556
500.2,21.653286
500.3,21.653286
500.4,21.653286
500.5,21.70875
500.6,21.70875
500.7,21.70875
500.8,22.400507
500.9,22.400507
501.0,22.400507
501.1,22.715126
501.2,22.715126
501.3,22.715126
501.4,22.321356
501.5,22.321356
501.6,22.321356
501.7,22.052061
501.8,22.052061
501.9,22.052061
502.0,22.398201
502.1,22.398201
502.2,22.398201
502.3,22.385553
502.4,22.385553
502.5,22.385553
502.6,22.185108
502.7,22.185108
502.8,22.185108
502.9,22.205614
503.0,22.205614
503.1,22.205614
503.2,22.171959
503.3,22.171959
503.4,22.171959
503.5,22.014433
503.6,22.014433
503.7,22.014433
503.8,22.049707
503.9,22.049707
504.0,22.049707
504.1,22.515245
504.2,22.515245
504.3,22.515245
504.4,22.436396
504.5,22.436396
504.6,22.436396
504.7,22.399036
504.8,22.399036
504.9,22.399036
505.0,23.13999
505.1,23.13999
505.2,23.13999
505.3,23.460535
505.4,23.460535
505.5,23.460535
505.6,24.11084
505.7,24.11084
505.8,24.11084
505.9,24.225101
506.0,24.225101
506.1,24.225101
506.2,23.189787
506.3,23.189787
506.4,23.189787
506.5,23.240053
506.6,23.240053
506.7,23.240053
506.8,23.629955
506.9,23.629955
507.0,23.629955
507.1,23.39917
507.2,23.39917
507.3,23.39917
507.4,23.380402
507.5,23.380402
507.6,23.380402
507.7,23.160522
507.8,23.160522
507.9,23.160522
508.0,23.14373
508.1,23.14373
508.2,23.14373
508.3,23.149206
508.4,23.149206
508.5,23.149206
508.6,23.250647
508.7,23.250647
508.8,23.250647
508.9,23.335466
509.0,23.335466
509.1,23.335466
509.2,23.197206
509.3,23.197206
509.4,23.197206
509.5,22.92679
509.6,22.884165
509.7,22.884165
509.8,23.054724
509.9,23.054724
510.0,23.054724
510.1,23.38867
510.2,23.38867
510.3,23.38867
510.4,23.384754
510.5,23.384754
510.6,23.384754
510.7,23.344528
510.8,23.344528
510.9,23.344528
511.0,23.481949
511.1,23.481949
511.2,23.481949
511.3,23.430887
511.4,23.430887
511.5,23.430887
511.6,23.317924
511.7,23.317924
511.8,23.317924
511.9,23.268454
512.0,23.268454
512.1,23.268454
512.2,23.505417
512.3,23.505417
512.4,23.505417
512.5,23.583595
512.6,23.583595
512.7,23.583595
512.8,23.818577
512.9,23.818577
513.0,23.818577
513.1,24.019594
513.2,24.019594
513.3,24.019594
513.4,23.670797
513.5,23.670797
513.6,23.670797
513.7,23.28664
513.8,23.28664
513.9,23.28664
514.0,23.394289
514.1,23.394289
514.2,23.394289
514.3,23.50895
514.4,23.50895
514.5,23.50895
514.6,23.656061
514.7,23.656061
514.8,23.656061
514.9,23.500982
515.0,23.500982
515.1,23.500982
515.2,23.554638
515.3,23.554638
515.4,23.554638
515.5,23.608715
515.6,23.608715
515.7,23.608715
515.8,23.629728
515.9,23.629728
516.0,23.629728
516.1,23.354218
516.2,23.354218
516.3,23.354218
516.4,23.216162
516.5,23.216162
516.6,23.216162
516.7,23.794611
516.8,23.794611
516.9,23.794611
517.0,24.077015
517.1,24.077015
517.2,24.077015
517.3,23.908606
517.4,23.908606
517.5,23.908606
517.6,23.814587
517.7,23.814587
517.8,23.814587
517.9,23.569609
518.0,23.569609
518.1,23.569609
518.2,23.496983
518.3,23.496983
518.4,23.496983
518.5,23.41248
518.6,23.41248
518.7,23.41248
518.8,22.956858
518.9,22.956858
519.0,22.956858
519.1,23.61513
519.2,23.61513
519.3,23.61513
519.4,23.977644
519.5,23.977644
519.6,23.977644
519.7,23.944794
519.8,23.944794
519.9,23.944794
520.0,23.412664
520.1,23.412664
520.2,23.412664
520.3,23.518534
520.4,23.518534
520.5,23.518534
520.6,23.79908
520.7,23.79908
520.8,23.777502
520.9,23.755222
521.0,23.755222
521.1,23.755222
521.2,24.10114
521.3,24.10114
521.4,24.10114
521.5,24.179888
521.6,24.179888
521.7,24.179888
521.8,23.705215
521.9,23.705215
522.0,23.705215
522.1,23.766865
522.2,23.766865
522.3,23.766865
522.4,24.15
522.5,24.15
522.6,24.15
522.7,23.388832
522.8,23.388832
522.9,23.388832
523.0,23.085709
523.1,23.085709
523.2,23.085709
523.3,23.491455
523.4,23.491455
523.5,23.491455
523.6,23.961866
523.7,23.961866
523.8,23.961866
523.9,24.126389
524.0,24.126389
524.1,24.126389
524.2,24.385489
524.3,24.385489
524.4,24.385489
524.5,24.896248
524.6,24.896248
524.7,24.896248
524.8,24.952986
524.9,24.952986
525.0,24.952986
525.1,24.629766
525.2,24.629766
525.3,24.629766
525.4,24.180206
525.5,24.180206
525.6,24.180206
525.7,24.072779
525.8,24.072779
525.9,24.072779
526.0,23.80437
526.1,23.80437
526.2,23.80437
526.3,23.810097
526.4,23.810097
526.5,23.810097
526.6,24.09356
526.7,24.09356
526.8,24.09356
526.9,24.201914
527.0,24.201914
527.1,24.201914
527.2,24.137987
527.3,24.137987
527.4,24.137987
527.5,24.603918
527.6,24.603918
527.7,24.603918
527.8,24.83286
527.9,24.83286
528.0,24.83286
528.1,24.728714
528.2,24.728714
528.3,24.728714
528.4,24.611145
528.5,24.611145
528.6,24.611145
528.7,24.471981
528.8,24.471981
528.9,24.471981
529.0,24.52884
529.1,24.52884
529.2,24.52884
529.3,24.737389
529.4,24.737389
529.5,24.737389
529.6,24.730177
529.7,24.730177
529.8,24.730177
529.9,25.09941
530.0,25.09941
530.1,25.09941
530.2,24.741442
530.3,24.741442
530.4,24.741442
530.5,24.424637
530.6,24.424637
530.7,24.424637
530.8,24.291832
530.9,24.291832
531.0,24.291832
531.1,24.002148
531.2,24.002148
531.3,24.002148
531.4,23.647717
531.5,23.647717
531.6,23.647717
531.7,23.7757
531.8,23.7757
531.9,23.7757
532.0,23.632723
532.1,23.632723
532.2,23.632723
532.3,23.184877
532.4,23.184877
532.5,23.184877
532.6,23.08866
532.7,23.08866
532.8,23.08866
532.9,23.224325
533.0,23.224325
533.1,23.224325
533.2,23.173557
533.3,23.173557
533.4,23.173557
533.5,23.10742
533.6,23.10742
533.7,23.10742
533.8,23.365807
533.9,23.365807
534.0,23.365807
534.1,23.217184
534.2,23.217184
534.3,23.217184
534.4,23.020912
534.5,23.020912
534.6,23.020912
534.7,22.753773
534.8,22.753773
534.9,22.753773
535.0,22.302654
535.1,22.302654
535.2,22.302654
535.3,22.309317
535.4,22.309317
535.5,22.309317
535.6,22.520658
535.7,22.520658
535.8,22.520658
535.9,22.618853
536.0,22.618853
536.1,22.618853
536.2,22.304253
536.3,22.304253
536.4,22.304253
536.5,21.700005
536.6,21.700005
536.7,21.700005
536.8,21.683912
536.9,21.683912
537.0,21.683912
537.1,21.499933
537.2,21.499933
537.3,21.499933
537.4,21.201967
537.5,21.201967
537.6,21.201967
537.7,21.8525
537.8,21.8525
537.9,21.8525
538.0,22.265903
538.1,22.265903
538.2,22.265903
538.3,21.888449
538.4,21.888449
538.5,21.888449
538.6,21.86761
538.7,21.86761
538.8,21.86761
538.9,22.237593
539.0,22.237593
539.1,22.237593
539.2,21.8671
539.3,21.8671
539.4,21.8671
539.5,21.54333
539.6,21.54333
539.7,21.54333
539.8,21.948305
539.9,21.948305
540.0,21.948305
540.1,21.862038
540.2,21.862038
540.3,21.862038
540.4,21.911
540.5,21.911
540.6,21.911
540.7,22.09386
540.8,22.09386
540.9,22.09386
541.0,21.925997
541.1,21.925997
541.2,21.925997
541.3,22.091534
541.4,22.091534
541.5,22.091534
541.6,21.720978
541.7,21.720978
541.8,21.720978
541.9,21.889662
542.0,21.889662
542.1,21.889662
542.2,21.90285
542.3,21.90285
542.4,21.90285
542.5,21.896816
542.6,21.896816
542.7,21.896816
542.8,21.965029
542.9,21.965029
543.0,21.965029
543.1,22.211607
543.2,22.211607
543.3,22.211607
543.4,21.79798
543.5,21.79798
543.6,21.79798
543.7,21.87116
543.8,21.87116
543.9,21.87116
544.0,22.227882
544.1,22.227882
544.2,22.227882
544.3,22.365738
544.4,22.365738
544.5,22.365738
544.6,21.975702
544.7,21.975702
544.8,21.975702
544.9,21.554508
545.0,21.554508
545.1,21.554508
545.2,21.857204
545.3,21.857204
545.4,21.857204
545.5,22.223333
545.6,22.223333
545.7,22.223333
545.8,21.989653
545.9,21.989653
546.0,21.989653
546.1,22.345182
546.2,22.345182
546.3,22.345182
546.4,22.244074
546.5,22.244074
546.6,22.244074
546.7,22.061398
546.8,22.061398
546.9,22.061398
547.0,22.006449
547.1,22.006449
547.2,22.006449
547.3,21.629995
547.4,21.629995
547.5,21.629995
547.6,22.151613
547.7,22.151613
547.8,22.151613
547.9,22.646502
548.0,22.646502
548.1,22.646502
548.2,22.11426
548.3,22.11426
548.4,22.11426
548.5,21.807343
548.6,21.807343
548.7,21.807343
548.8,21.872374
548.9,21.872374
549.0,21.872374
549.1,21.872694
549.2,21.872694
549.3,21.872694
549.4,21.488703
549.5,21.488703
549.6,21.488703
549.7,21.778696
549.8,21.778696
549.9,21.778696
550.0,22.219439
550.1,22.219439
550.2,22.219439
550.3,22.027117
550.4,22.027117
550.5,22.027117
550.6,21.828085
550.7,21.828085
550.8,21.828085
550.9,21.299181
551.0,21.299181
551.1,21.299181
551.2,21.426424
551.3,21.426424
551.4,21.426424
551.5,21.783033
551.6,21.783033
551.7,21.783033
551.8,21.406492
551.9,21.406492
552.0,21.406492
552.1,21.092983
552.2,21.092983
552.3,21.092983
552.4,21.02174
552.5,21.02174
552.6,21.02174
552.7,21.27511
552.8,21.27511
552.9,21.27511
553.0,21.692738
553.1,21.692738
553.2,21.692738
553.3,21.802294
553.4,21.802294
553.5,21.802294
553.6,22.016693
553.7,22.016693
553.8,22.016693
553.9,21.98403
554.0,21.98403
554.1,21.98403
554.2,22.131392
554.3,22.131392
554.4,22.131392
554.5,22.782135
554.6,22.782135
554.7,22.782135
554.8,23.0009
554.9,23.0009
555.0,23.0009
555.1,22.542543
555.2,22.542543
555.3,22.542543
555.4,22.00513
555.5,22.00513
555.6,22.00513
555.7,22.221556
555.8,22.221556
555.9,22.221556
556.0,22.58825
556.1,22.58825
556.2,22.58825
556.3,22.548304
556.4,22.548304
556.5,22.548304
556.6,22.511248
556.7,22.511248
556.8,22.511248
556.9,22.448307
557.0,22.448307
557.1,22.448307
557.2,22.449808
557.3,22.449808
557.4,22.449808
557.5,22.315313
557.6,22.315313
557.7,22.315313
557.8,22.207455
557.9,22.207455
558.0,22.207455
558.1,22.327286
558.2,22.327286
558.3,22.327286
558.4,22.566189
558.5,22.566189
558.6,22.566189
558.7,22.62653
558.8,22.62653
558.9,22.62653
559.0,22.234982
559.1,22.234982
559.2,22.234982
559.3,21.891376
559.4,21.891376
559.5,21.891376
559.6,22.189426
559.7,22.189426
559.8,22.189426
559.9,22.77258
560.0,22.77258
560.1,22.77258
560.2,22.857103
560.3,22.857103
560.4,22.857103
560.5,22.689953
560.6,22.689953
560.7,22.689953
560.8,23.099134
560.9,23.099134
561.0,23.099134
561.1,23.189943
561.2,23.189943
561.3,23.189943
561.4,23.286901
561.5,23.286901
561.6,23.286901
561.7,22.99698
561.8,22.99698
561.9,22.99698
562.0,22.86533
562.1,22.86533
562.2,22.86533
562.3,22.490904
562.4,22.490904
562.5,22.490904
562.6,22.533297
562.7,22.533297
562.8,22.533297
562.9,22.922277
563.0,22.922277
563.1,22.922277
563.2,22.848827
563.3,22.848827
563.4,22.848827
563.5,22.485697
563.6,22.485697
563.7,22.485697
563.8,22.722767
563.9,22.722767
564.0,22.722767
564.1,23.00731
564.2,23.00731
564.3,23.00731
564.4,23.3464
564.5,23.3464
564.6,23.3464
564.7,23.254114
564.8,23.254114
564.9,23.254114
565.0,23.097202
565.1,23.097202
565.2,23.097202
565.3,23.030151
565.4,23.030151
565.5,23.030151
565.6,22.96788
565.7,22.96788
565.8,22.96788
565.9,22.473646
566.0,22.473646
566.1,22.473646
566.2,22.508673
566.3,22.508673
566.4,22.508673
566.5,23.2967
566.6,23.2967
566.7,23.2967
566.8,23.701815
566.9,23.701815
567.0,23.701815
567.1,24.003506
567.2,24.003506
567.3,24.003506
567.4,23.759472
567.5,23.759472
567.6,23.759472
567.7,23.861341
567.8,23.861341
567.9,23.861341
568.0,23.596054
568.1,23.596054
568.2,23.596054
568.3,23.888851
568.4,23.888851
568.5,23.888851
568.6,24.490044
568.7,24.490044
568.8,24.490044
568.9,24.244564
569.0,24.244564
569.1,24.244564
569.2,24.542843
569.3,24.542843
569.4,24.542843
569.5,24.295366
569.6,24.295366
569.7,24.295366
569.8,23.96489
569.9,23.96489
570.0,23.96489
570.1,23.825853
570.2,23.825853
570.3,23.825853
570.4,24.207481
570.5,24.207481
570.6,24.207481
570.7,24.35081
570.8,24.35081
570.9,24.374414
571.0,24.404171
571.1,24.404171
571.2,24.519543
571.3,24.473425
571.4,24.473425
571.5,24.452621
571.6,24.354086
571.7,24.354086
571.8,24.57381
571.9,24.416815
572.0,24.416815
572.1,24.296484
572.2,23.87334
572.3,23.87334
572.4,23.87334
572.5,23.99331
572.6,23.99331
572.7,24.176992
572.8,24.172655
572.9,24.172655
573.0,24.118252
573.1,23.966139
573.2,23.966139
573.3,23.89848
573.4,23.873579
573.5,23.873579
573.6,23.93515
573.7,24.11472
573.8,24.11472
573.9,24.11472
574.0,24.349007
574.1,24.349007
574.2,24.20124
574.3,24.214422
574.4,24.214422
574.5,24.256557
574.6,24.385225
574.7,24.385225
574.8,24.385225
574.9,24.58407
575.0,24.58407
575.1,24.555275
575.2,24.324085
575.3,24.324085
575.4,24.324085
575.5,24.175104
575.6,24.175104
575.7,24.345697
575.8,24.918877
575.9,24.918877
576.0,25.148691
576.1,25.790314
576.2,25.790314
576.3,25.790314
576.4,25.33867
576.5,25.33867
576.6,24.831589
576.7,23.830244
576.8,23.830244
576.9,23.830244
577.0,23.586018
577.1,23.586018
577.2,23.670567
577.3,24.220297
577.4,24.220297
577.5,24.220297
577.6,24.59023
577.7,24.59023
577.8,24.59023
577.9,24.270895
578.0,24.270895
578.1,24.245218
578.2,24.073097
578.3,24.073097
578.4,24.073097
578.5,24.26381
578.6,24.26381
578.7,24.1152
578.8,23.739777
578.9,23.739777
579.0,23.690952
579.1,24.049376
579.2,24.049376
579.3,24.049376
579.4,24.239809
579.5,24.239809
579.6,24.072617
579.7,23.996763
579.8,23.996763
579.9,23.943893
580.0,23.688133
580.1,23.688133
580.2,23.688133
580.3,23.5035
580.4,23.5035
580.5,23.680412
580.6,23.678734
580.7,23.678734
580.8,23.678734
580.9,24.038084
581.0,24.038084
581.1,24.038084
581.2,23.69578
581.3,23.69578
581.4,23.512926
581.5,23.215014
581.6,23.215014
581.7,23.215014
581.8,23.767172
581.9,23.767172
582.0,23.994957
582.1,24.03847
582.2,24.03847
582.3,24.03847
582.4,23.380972
582.5,23.380972
582.6,23.380972
582.7,23.087238
582.8,23.087238
582.9,23.087238
583.0,22.962284
583.1,22.962284
583.2,22.962284
583.3,23.064749
583.4,23.064749
583.5,22.979918
583.6,22.995499
583.7,22.995499
583.8,22.995499
583.9,23.011724
584.0,23.011724
584.1,22.940477
584.2,22.868624
584.3,22.868624
584.4,22.910488
584.5,22.732632
584.6,22.732632
584.7,22.732632
584.8,22.65175
584.9,22.65175
585.0,22.768312
585.1,23.27539
585.2,23.27539
585.3,23.27539
585.4,23.415594
585.5,23.415594
585.6,23.198902
585.7,23.284855
585.8,23.284855
585.9,23.21788
586.0,23.298502
586.1,23.298502
586.2,23.298502
586.3,23.247864
586.4,23.247864
586.5,23.006708
586.6,23.180992
586.7,23.180992
586.8,23.180992
586.9,23.444973
587.0,23.444973
587.1,23.41921
587.2,23.010466
587.3,23.010466
587.4,23.010466
587.5,23.207262
587.6,23.207262
587.7,23.207262
587.8,23.139606
587.9,23.139606
588.0,23.007938
588.1,23.224941
588.2,23.224941
588.3,23.224941
588.4,23.278755
588.5,23.278755
588.6,23.278755
588.7,23.47049
588.8,23.47049
588.9,23.47049
589.0,23.310701
589.1,23.310701
589.2,23.310701
589.3,22.884434
589.4,22.884434
589.5,22.884434
589.6,23.086779
589.7,23.086779
589.8,23.086779
589.9,23.341946
590.0,23.341946
590.1,23.341946
590.2,23.147543
590.3,23.147543
590.4,23.147543
590.5,22.863466
590.6,22.863466
590.7,22.863466
590.8,22.90923
590.9,22.90923
591.0,22.90923
591.1,22.99756
591.2,22.99756
591.3,22.99756
591.4,22.742004
591.5,22.742004
591.6,22.742004
591.7,22.799793
591.8,22.799793
591.9,22.799793
592.0,23.762272
592.1,23.762272
592.2,23.762272
592.3,23.897581
592.4,23.897581
592.5,23.897581
592.6,23.20397
592.7,23.20397
592.8,23.20397
592.9,23.02873
593.0,23.02873
593.1,23.02873
593.2,23.237803
593.3,23.237803
593.4,23.237803
593.5,23.140448
593.6,23.140448
593.7,23.140448
593.8,22.63919
593.9,22.63919
594.0,22.63919
594.1,23.203018
594.2,23.203018
594.3,23.203018
594.4,23.86848
594.5,23.86848
594.6,23.86848
594.7,23.936811
594.8,23.820269
594.9,23.820269
595.0,23.40021
595.1,23.40021
595.2,23.40021
595.3,23.249084
595.4,23.249084
595.5,23.249084
595.6,23.117107
595.7,23.117107
595.8,23.117107
595.9,23.029434
596.0,23.029434
596.1,23.029434
596.2,23.03917
596.3,23.03917
596.4,23.03917
596.5,23.431751
596.6,23.431751
596.7,23.431751
596.8,23.043537
596.9,23.043537
597.0,23.043537
597.1,23.119154
597.2,23.119154
597.3,23.119154
597.4,23.112408
597.5,23.112408
597.6,23.112408
597.7,23.44362
597.8,23.44362
597.9,23.44362
598.0,23.198156
598.1,23.198156
598.2,23.198156
598.3,22.752626
598.4,22.752626
598.5,22.752626
598.6,22.289717
598.7,22.289717
598.8,22.289717
598.9,22.65076
599.0,22.65076
599.1,22.65076
599.2,22.674942
599.3,22.674942
599.4,22.674942
599.5,22.619284
599.6,22.619284
599.7,22.619284
599.8,22.901981
599.9,22.901981
600.0,22.901981
600.1,23.454515
600.2,23.454515
600.3,23.454515
600.4,23.314337
600.5,23.314337
600.6,23.314337
600.7,23.604168
600.8,23.604168
600.9,23.604168
601.0,23.791058
601.1,23.791058
601.2,23.791058
601.3,23.408482
601.4,23.408482
601.5,23.408482
601.6,23.332268
601.7,23.332268
601.8,23.332268
601.9,23.284098
602.0,23.284098
602.1,23.284098
602.2,23.016296
602.3,23.016296
602.4,23.016296
602.5,23.255009
602.6,23.255009
602.7,23.255009
602.8,23.902506
602.9,23.902506
603.0,23.902506
603.1,23.983875
603.2,23.983875
603.3,23.983875
603.4,24.16774
603.5,24.16774
603.6,24.16774
603.7,23.197424
603.8,23.197424
603.9,23.197424
604.0,23.29139
604.1,23.29139
604.2,23.29139
604.3,23.198122
604.4,23.198122
604.5,23.198122
604.6,23.185078
604.7,23.185078
604.8,23.185078
604.9,22.870508
605.0,22.870508
605.1,22.870508
605.2,22.716436
605.3,22.716436
605.4,22.716436
605.5,22.502949
605.6,22.502949
605.7,22.502949
605.8,22.513613
605.9,22.513613
606.0,22.513613
606.1,23.016241
606.2,23.016241
606.3,23.016241
606.4,23.368113
606.5,23.368113
606.6,23.368113
606.7,23.009514
606.8,23.009514
606.9,23.009514
607.0,23.197071
607.1,23.197071
607.2,23.197071
607.3,23.459717
607.4,23.459717
607.5,23.459717
607.6,23.68782
607.7,23.68782
607.8,23.68782
607.9,23.91339
608.0,23.91339
608.1,23.91339
608.2,23.346619
608.3,23.346619
608.4,23.346619
608.5,22.708927
608.6,22.708927
608.7,22.708927
608.8,23.216146
608.9,23.216146
609.0,23.216146
609.1,23.632093
609.2,23.632093
609.3,23.632093
609.4,22.663204
609.5,22.663204
609.6,22.663204
609.7,22.13191
609.8,22.13191
609.9,22.13191
610.0,22.616169
610.1,22.616169
610.2,22.616169
610.3,22.938715
610.4,22.584064
610.5,22.584064
610.6,22.267933
610.7,22.267933
610.8,22.267933
610.9,22.586588
611.0,22.586588
611.1,22.586588
611.2,22.73553
611.3,22.73553
611.4,22.73553
611.5,22.006636
611.6,22.006636
611.7,22.006636
611.8,21.038353
611.9,21.038353
612.0,21.038353
612.1,20.416
612.2,20.416
612.3,20.416
612.4,20.598263
612.5,20.598263
612.6,20.598263
612.7,20.774685
612.8,20.774685
612.9,20.774685
613.0,21.051535
613.1,21.051535
613.2,21.051535
613.3,20.633242
613.4,20.633242
613.5,20.633242
613.6,20.337124
613.7,20.337124
613.8,20.337124
613.9,20.009733
614.0,20.009733
614.1,20.009733
614.2,20.067774
614.3,20.067774
614.4,20.067774
614.5,20.286469
614.6,20.286469
614.7,20.286469
614.8,20.486584
614.9,20.486584
615.0,20.486584
615.1,21.069794
615.2,21.069794
615.3,21.069794
615.4,20.921265
615.5,20.921265
615.6,20.921265
615.7,21.120472
615.8,21.120472
615.9,21.120472
616.0,20.766949
616.1,20.766949
616.2,20.766949
616.3,20.699997
616.4,20.699997
616.5,20.699997
616.6,19.954365
616.7,19.954365
616.8,19.954365
616.9,20.106964
617.0,20.106964
617.1,20.106964
617.2,21.012295
617.3,21.012295
617.4,21.012295
617.5,21.514593
617.6,21.514593
617.7,21.514593
617.8,21.815737
617.9,21.815737
618.0,21.815737
618.1,21.213726
618.2,21.213726
618.3,21.213726
618.4,21.48249
618.5,21.48249
618.6,21.48249
618.7,21.642828
618.8,21.642828
618.9,21.642828
619.0,21.81432
619.1,21.81432
619.2,21.81432
619.3,21.476366
619.4,21.476366
619.5,21.476366
619.6,21.36289
619.7,21.36289
619.8,21.36289
619.9,21.406197
620.0,21.406197
620.1,21.406197
620.2,22.22541
620.3,22.22541
620.4,22.22541
620.5,22.482225
620.6,22.482225
620.7,22.482225
620.8,22.197353
620.9,22.197353
621.0,22.197353
621.1,21.73954
621.2,21.73954
621.3,21.73954
621.4,21.54289
621.5,21.54289
621.6,21.54289
621.7,22.166037
621.8,22.166037
621.9,22.166037
622.0,22.378712
622.1,22.378712
622.2,22.378712
622.3,21.782173
622.4,21.782173
622.5,21.806065
622.6,22.230705
622.7,22.230705
622.8,22.230705
622.9,22.695545
623.0,22.695545
623.1,22.695545
623.2,22.65765
623.3,22.65765
623.4,22.65765
623.5,21.93041
623.6,21.93041
623.7,21.93041
623.8,21.920261
623.9,21.920261
624.0,21.920261
624.1,22.107157
624.2,22.107157
624.3,22.107157
624.4,21.812017
624.5,21.807673
624.6,21.807673
624.7,21.871622
624.8,21.871622
624.9,21.871622
625.0,21.966858
625.1,22.190899
625.2,22.190899
625.3,22.376312
625.4,22.376312
625.5,22.376312
625.6,22.15823
625.7,22.165377
625.8,22.165377
625.9,22.7142
626.0,22.7142
626.1,22.7142
626.2,22.77607
626.3,22.716766
626.4,22.716766
626.5,22.384039
626.6,22.412758
626.7,22.412758
626.8,22.20333
626.9,22.20333
627.0,22.20333
627.1,22.126041
627.2,22.138592
627.3,22.138592
627.4,21.95436
627.5,21.95436
627.6,21.95436
627.7,22.027382
627.8,22.050608
627.9,22.050608
628.0,22.43116
628.1,22.43116
628.2,22.43116
628.3,22.994703
628.4,23.1531
628.5,23.1531
628.6,23.38019
628.7,23.519918
628.8,23.519918
628.9,23.49314
629.0,23.49314
629.1,23.49314
629.2,23.56954
629.3,23.720488
629.4,23.720488
629.5,23.94703
629.6,23.94703
629.7,23.94703
629.8,23.674093
629.9,23.322369
630.0,23.322369
630.1,22.678936
630.2,22.615162
630.3,22.615162
630.4,22.641375
630.5,22.507914
630.6,22.507914
630.7,22.361645
630.8,22.219593
630.9,22.219593
631.0,22.153849
631.1,22.033508
631.2,22.033508
631.3,22.272486
631.4,22.418417
631.5,22.418417
631.6,22.648628
631.7,22.816977
631.8,22.816977
631.9,22.985209
632.0,22.875092
632.1,22.875092
632.2,22.69263
632.3,22.69263
632.4,22.69263
632.5,22.76663
632.6,22.98886
632.7,22.98886
632.8,23.001162
632.9,22.927591
633.0,22.927591
633.1,22.681938
633.2,22.689053
633.3,22.689053
633.4,22.51664
633.5,22.48586
633.6,22.48586
633.7,22.407743
633.8,22.407743
633.9,22.407743
634.0,22.323566
634.1,22.18095
634.2,22.18095
634.3,21.966915
634.4,21.966915
634.5,21.966915
634.6,21.985096
634.7,22.025139
634.8,22.025139
634.9,21.921413
635.0,21.930214
635.1,21.930214
635.2,22.006393
635.3,22.041143
635.4,22.041143
635.5,22.244835
635.6,22.40431
635.7,22.40431
635.8,22.43223
635.9,22.438774
636.0,22.438774
636.1,22.449047
636.2,22.5661
636.3,22.5661
636.4,22.65441
636.5,22.800142
636.6,22.800142
636.7,22.646719
636.8,22.76005
636.9,22.76005
637.0,22.81435
637.1,22.81435
637.2,22.81435
637.3,22.856707
637.4,22.623291
637.5,22.623291
637.6,22.422197
637.7,22.30079
637.8,22.30079
637.9,22.313927
638.0,22.26585
638.1,22.26585
638.2,22.091276
638.3,21.96039
638.4,21.96039
638.5,21.914047
638.6,21.95817
638.7,21.95817
638.8,22.203522
638.9,22.290142
639.0,22.290142
639.1,22.266916
639.2,22.021843
639.3,22.021843
639.4,22.01857
639.5,21.983685
639.6,21.983685
639.7,22.222672
639.8,22.11364
639.9,22.11364
640.0,22.04991
640.1,21.905544
640.2,21.905544
640.3,21.998102
640.4,22.17433
640.5,22.17433
640.6,22.271479
640.7,22.450264
640.8,22.450264
640.9,22.485662
641.0,22.43806
641.1,22.43806
641.2,22.43806
641.3,22.411318
641.4,22.411318
641.5,22.398006
641.6,22.059963
641.7,22.059963
641.8,21.735924
641.9,21.399162
642.0,21.399162
642.1,21.399162
642.2,21.429781
642.3,21.429781
642.4,21.755846
642.5,22.04431
642.6,22.04431
642.7,22.04431
642.8,22.130457
642.9,22.130457
643.0,22.227354
643.1,22.740389
643.2,22.740389
643.3,22.740389
643.4,23.13993
643.5,23.13993
643.6,23.16162
