<?xml version="1.0" encoding="UTF-8"?>
<kml xmlns="http://www.opengis.net/kml/2.2">
<Document>
<name>Visualizacion de Datos - AAADATA</name>
<Style id="lineaRecorrido"><LineStyle><color>ff00ffff</color><width>4</width></LineStyle></Style>
<Style id="puntoEstilo_1"><IconStyle><color>ff830000</color><scale>0.6</scale><Icon><href>http://maps.google.com/mapfiles/kml/shapes/filled_circle.png</href></Icon></IconStyle></Style>
<Style id="puntoEstilo_2"><IconStyle><color>ff870000</color><scale>0.6</scale><Icon><href>http://maps.google.com/mapfiles/kml/shapes/filled_circle.png</href></Icon></IconStyle></Style>
<Style id="puntoEstilo_3"><IconStyle><color>ff8B0000</color><scale>0.6</scale><Icon><href>http://maps.google.com/mapfiles/kml/shapes/filled_circle.png</href></Icon></IconStyle></Style>
<Style id="puntoEstilo_4"><IconStyle><color>ff8F0000</color><scale>0.6</scale><Icon><href>http://maps.google.com/mapfiles/kml/shapes/filled_circle.png</href></Icon></IconStyle></Style>
<Style id="puntoEstilo_5"><IconStyle><color>ff930000</color><scale>0.6</scale><Icon><href>http://maps.google.com/mapfiles/kml/shapes/filled_circle.png</href></Icon></IconStyle></Style>
<Style id="puntoEstilo_6"><IconStyle><color>ff970000</color><scale>0.6</scale><Icon><href>http://maps.google.com/mapfiles/kml/shapes/filled_circle.png</href></Icon></IconStyle></Style>
<Style id="puntoEstilo_7"><IconStyle><color>ff9B0000</color><scale>0.6</scale><Icon><href>http://maps.google.com/mapfiles/kml/shapes/filled_circle.png</href></Icon></IconStyle></Style>
<Style id="puntoEstilo_8"><IconStyle><color>ff9F0000</color><scale>0.6</scale><Icon><href>http://maps.google.com/mapfiles/kml/shapes/filled_circle.png</href></Icon></IconStyle></Style>
<Style id="puntoEstilo_9"><IconStyle><color>ffA30000</color><scale>0.6</scale><Icon><href>http://maps.google.com/mapfiles/kml/shapes/filled_circle.png</href></Icon></IconStyle></Style>
<Style id="puntoEstilo_10"><IconStyle><color>ffA70000</color><scale>0.6</scale><Icon><href>http://maps.google.com/mapfiles/kml/shapes/filled_circle.png</href></Icon></IconStyle></Style>
<Style id="puntoEstilo_11"><IconStyle><color>ffAB0000</color><scale>0.6</scale><Icon><href>http://maps.google.com/mapfiles/kml/shapes/filled_circle.png</href></Icon></IconStyle></Style>
<Style id="puntoEstilo_12"><IconStyle><color>ffAF0000</color><scale>0.6</scale><Icon><href>http://maps.google.com/mapfiles/kml/shapes/filled_circle.png</href></Icon></IconStyle></Style>
<Style id="puntoEstilo_13"><IconStyle><color>ffB30000</color><scale>0.6</scale><Icon><href>http://maps.google.com/mapfiles/kml/shapes/filled_circle.png</href></Icon></IconStyle></Style>
<Style id="puntoEstilo_14"><IconStyle><color>ffB70000</color><scale>0.6</scale><Icon><href>http://maps.google.com/mapfiles/kml/shapes/filled_circle.png</href></Icon></IconStyle></Style>
<Style id="puntoEstilo_15"><IconStyle><color>ffBB0000</color><scale>0.6</scale><Icon><href>http://maps.google.com/mapfiles/kml/shapes/filled_circle.png</href></Icon></IconStyle></Style>
<Style id="puntoEstilo_16"><IconStyle><color>ffBF0000</color><scale>0.6</scale><Icon><href>http://maps.google.com/mapfiles/kml/shapes/filled_circle.png</href></Icon></IconStyle></Style>
<Style id="puntoEstilo_17"><IconStyle><color>ffC30000</color><scale>0.6</scale><Icon><href>http://maps.google.com/mapfiles/kml/shapes/filled_circle.png</href></Icon></IconStyle></Style>
<Style id="puntoEstilo_18"><IconStyle><color>ffC70000</color><scale>0.6</scale><Icon><href>http://maps.google.com/mapfiles/kml/shapes/filled_circle.png</href></Icon></IconStyle></Style>
<Style id="puntoEstilo_19"><IconStyle><color>ffCB0000</color><scale>0.6</scale><Icon><href>http://maps.google.com/mapfiles/kml/shapes/filled_circle.png</href></Icon></IconStyle></Style>
<Style id="puntoEstilo_20"><IconStyle><color>ffCF0000</color><scale>0.6</scale><Icon><href>http://maps.google.com/mapfiles/kml/shapes/filled_circle.png</href></Icon></IconStyle></Style>
<Style id="puntoEstilo_21"><IconStyle><color>ffD30000</color><scale>0.6</scale><Icon><href>http://maps.google.com/mapfiles/kml/shapes/filled_circle.png</href></Icon></IconStyle></Style>
<Style id="puntoEstilo_22"><IconStyle><color>ffD70000</color><scale>0.6</scale><Icon><href>http://maps.google.com/mapfiles/kml/shapes/filled_circle.png</href></Icon></IconStyle></Style>
<Style id="puntoEstilo_23"><IconStyle><color>ffDB0000</color><scale>0.6</scale><Icon><href>http://maps.google.com/mapfiles/kml/shapes/filled_circle.png</href></Icon></IconStyle></Style>
<Style id="puntoEstilo_24"><IconStyle><color>ffDF0000</color><scale>0.6</scale><Icon><href>http://maps.google.com/mapfiles/kml/shapes/filled_circle.png</href></Icon></IconStyle></Style>
<Style id="puntoEstilo_25"><IconStyle><color>ffE30000</color><scale>0.6</scale><Icon><href>http://maps.google.com/mapfiles/kml/shapes/filled_circle.png</href></Icon></IconStyle></Style>
<Style id="puntoEstilo_26"><IconStyle><color>ffE70000</color><scale>0.6</scale><Icon><href>http://maps.google.com/mapfiles/kml/shapes/filled_circle.png</href></Icon></IconStyle></Style>
<Style id="puntoEstilo_27"><IconStyle><color>ffEB0000</color><scale>0.6</scale><Icon><href>http://maps.google.com/mapfiles/kml/shapes/filled_circle.png</href></Icon></IconStyle></Style>
<Style id="puntoEstilo_28"><IconStyle><color>ffEF0000</color><scale>0.6</scale><Icon><href>http://maps.google.com/mapfiles/kml/shapes/filled_circle.png</href></Icon></IconStyle></Style>
<Style id="puntoEstilo_29"><IconStyle><color>ffF30000</color><scale>0.6</scale><Icon><href>http://maps.google.com/mapfiles/kml/shapes/filled_circle.png</href></Icon></IconStyle></Style>
<Style id="puntoEstilo_30"><IconStyle><color>ffF70000</color><scale>0.6</scale><Icon><href>http://maps.google.com/mapfiles/kml/shapes/filled_circle.png</href></Icon></IconStyle></Style>
<Style id="puntoEstilo_31"><IconStyle><color>ffFB0000</color><scale>0.6</scale><Icon><href>http://maps.google.com/mapfiles/kml/shapes/filled_circle.png</href></Icon></IconStyle></Style>
<Style id="puntoEstilo_32"><IconStyle><color>ffFF0000</color><scale>0.6</scale><Icon><href>http://maps.google.com/mapfiles/kml/shapes/filled_circle.png</href></Icon></IconStyle></Style>
<Style id="puntoEstilo_33"><IconStyle><color>ffFF0300</color><scale>0.6</scale><Icon><href>http://maps.google.com/mapfiles/kml/shapes/filled_circle.png</href></Icon></IconStyle></Style>
<Style id="puntoEstilo_34"><IconStyle><color>ffFF0700</color><scale>0.6</scale><Icon><href>http://maps.google.com/mapfiles/kml/shapes/filled_circle.png</href></Icon></IconStyle></Style>
<Style id="puntoEstilo_35"><IconStyle><color>ffFF0B00</color><scale>0.6</scale><Icon><href>http://maps.google.com/mapfiles/kml/shapes/filled_circle.png</href></Icon></IconStyle></Style>
<Style id="puntoEstilo_36"><IconStyle><color>ffFF0F00</color><scale>0.6</scale><Icon><href>http://maps.google.com/mapfiles/kml/shapes/filled_circle.png</href></Icon></IconStyle></Style>
<Style id="puntoEstilo_37"><IconStyle><color>ffFF1300</color><scale>0.6</scale><Icon><href>http://maps.google.com/mapfiles/kml/shapes/filled_circle.png</href></Icon></IconStyle></Style>
<Style id="puntoEstilo_38"><IconStyle><color>ffFF1700</color><scale>0.6</scale><Icon><href>http://maps.google.com/mapfiles/kml/shapes/filled_circle.png</href></Icon></IconStyle></Style>
<Style id="puntoEstilo_39"><IconStyle><color>ffFF1B00</color><scale>0.6</scale><Icon><href>http://maps.google.com/mapfiles/kml/shapes/filled_circle.png</href></Icon></IconStyle></Style>
<Style id="puntoEstilo_40"><IconStyle><color>ffFF1F00</color><scale>0.6</scale><Icon><href>http://maps.google.com/mapfiles/kml/shapes/filled_circle.png</href></Icon></IconStyle></Style>
<Style id="puntoEstilo_41"><IconStyle><color>ffFF2300</color><scale>0.6</scale><Icon><href>http://maps.google.com/mapfiles/kml/shapes/filled_circle.png</href></Icon></IconStyle></Style>
<Style id="puntoEstilo_42"><IconStyle><color>ffFF2700</color><scale>0.6</scale><Icon><href>http://maps.google.com/mapfiles/kml/shapes/filled_circle.png</href></Icon></IconStyle></Style>
<Style id="puntoEstilo_43"><IconStyle><color>ffFF2B00</color><scale>0.6</scale><Icon><href>http://maps.google.com/mapfiles/kml/shapes/filled_circle.png</href></Icon></IconStyle></Style>
<Style id="puntoEstilo_44"><IconStyle><color>ffFF2F00</color><scale>0.6</scale><Icon><href>http://maps.google.com/mapfiles/kml/shapes/filled_circle.png</href></Icon></IconStyle></Style>
<Style id="puntoEstilo_45"><IconStyle><color>ffFF3300</color><scale>0.6</scale><Icon><href>http://maps.google.com/mapfiles/kml/shapes/filled_circle.png</href></Icon></IconStyle></Style>
<Style id="puntoEstilo_46"><IconStyle><color>ffFF3700</color><scale>0.6</scale><Icon><href>http://maps.google.com/mapfiles/kml/shapes/filled_circle.png</href></Icon></IconStyle></Style>
<Style id="puntoEstilo_47"><IconStyle><color>ffFF3B00</color><scale>0.6</scale><Icon><href>http://maps.google.com/mapfiles/kml/shapes/filled_circle.png</href></Icon></IconStyle></Style>
<Style id="puntoEstilo_48"><IconStyle><color>ffFF3F00</color><scale>0.6</scale><Icon><href>http://maps.google.com/mapfiles/kml/shapes/filled_circle.png</href></Icon></IconStyle></Style>
<Style id="puntoEstilo_49"><IconStyle><color>ffFF4300</color><scale>0.6</scale><Icon><href>http://maps.google.com/mapfiles/kml/shapes/filled_circle.png</href></Icon></IconStyle></Style>
<Style id="puntoEstilo_50"><IconStyle><color>ffFF4700</color><scale>0.6</scale><Icon><href>http://maps.google.com/mapfiles/kml/shapes/filled_circle.png</href></Icon></IconStyle></Style>
<Style id="puntoEstilo_51"><IconStyle><color>ffFF4B00</color><scale>0.6</scale><Icon><href>http://maps.google.com/mapfiles/kml/shapes/filled_circle.png</href></Icon></IconStyle></Style>
<Style id="puntoEstilo_52"><IconStyle><color>ffFF4F00</color><scale>0.6</scale><Icon><href>http://maps.google.com/mapfiles/kml/shapes/filled_circle.png</href></Icon></IconStyle></Style>
<Style id="puntoEstilo_53"><IconStyle><color>ffFF5300</color><scale>0.6</scale><Icon><href>http://maps.google.com/mapfiles/kml/shapes/filled_circle.png</href></Icon></IconStyle></Style>
<Style id="puntoEstilo_54"><IconStyle><color>ffFF5700</color><scale>0.6</scale><Icon><href>http://maps.google.com/mapfiles/kml/shapes/filled_circle.png</href></Icon></IconStyle></Style>
<Style id="puntoEstilo_55"><IconStyle><color>ffFF5B00</color><scale>0.6</scale><Icon><href>http://maps.google.com/mapfiles/kml/shapes/filled_circle.png</href></Icon></IconStyle></Style>
<Style id="puntoEstilo_56"><IconStyle><color>ffFF5F00</color><scale>0.6</scale><Icon><href>http://maps.google.com/mapfiles/kml/shapes/filled_circle.png</href></Icon></IconStyle></Style>
<Style id="puntoEstilo_57"><IconStyle><color>ffFF6300</color><scale>0.6</scale><Icon><href>http://maps.google.com/mapfiles/kml/shapes/filled_circle.png</href></Icon></IconStyle></Style>
<Style id="puntoEstilo_58"><IconStyle><color>ffFF6700</color><scale>0.6</scale><Icon><href>http://maps.google.com/mapfiles/kml/shapes/filled_circle.png</href></Icon></IconStyle></Style>
<Style id="puntoEstilo_59"><IconStyle><color>ffFF6B00</color><scale>0.6</scale><Icon><href>http://maps.google.com/mapfiles/kml/shapes/filled_circle.png</href></Icon></IconStyle></Style>
<Style id="puntoEstilo_60"><IconStyle><color>ffFF6F00</color><scale>0.6</scale><Icon><href>http://maps.google.com/mapfiles/kml/shapes/filled_circle.png</href></Icon></IconStyle></Style>
<Style id="puntoEstilo_61"><IconStyle><color>ffFF7300</color><scale>0.6</scale><Icon><href>http://maps.google.com/mapfiles/kml/shapes/filled_circle.png</href></Icon></IconStyle></Style>
<Style id="puntoEstilo_62"><IconStyle><color>ffFF7700</color><scale>0.6</scale><Icon><href>http://maps.google.com/mapfiles/kml/shapes/filled_circle.png</href></Icon></IconStyle></Style>
<Style id="puntoEstilo_63"><IconStyle><color>ffFF7B00</color><scale>0.6</scale><Icon><href>http://maps.google.com/mapfiles/kml/shapes/filled_circle.png</href></Icon></IconStyle></Style>
<Style id="puntoEstilo_64"><IconStyle><color>ffFF7F00</color><scale>0.6</scale><Icon><href>http://maps.google.com/mapfiles/kml/shapes/filled_circle.png</href></Icon></IconStyle></Style>
<Style id="puntoEstilo_65"><IconStyle><color>ffFF8300</color><scale>0.6</scale><Icon><href>http://maps.google.com/mapfiles/kml/shapes/filled_circle.png</href></Icon></IconStyle></Style>
<Style id="puntoEstilo_66"><IconStyle><color>ffFF8700</color><scale>0.6</scale><Icon><href>http://maps.google.com/mapfiles/kml/shapes/filled_circle.png</href></Icon></IconStyle></Style>
<Style id="puntoEstilo_67"><IconStyle><color>ffFF8B00</color><scale>0.6</scale><Icon><href>http://maps.google.com/mapfiles/kml/shapes/filled_circle.png</href></Icon></IconStyle></Style>
<Style id="puntoEstilo_68"><IconStyle><color>ffFF8F00</color><scale>0.6</scale><Icon><href>http://maps.google.com/mapfiles/kml/shapes/filled_circle.png</href></Icon></IconStyle></Style>
<Style id="puntoEstilo_69"><IconStyle><color>ffFF9300</color><scale>0.6</scale><Icon><href>http://maps.google.com/mapfiles/kml/shapes/filled_circle.png</href></Icon></IconStyle></Style>
<Style id="puntoEstilo_70"><IconStyle><color>ffFF9700</color><scale>0.6</scale><Icon><href>http://maps.google.com/mapfiles/kml/shapes/filled_circle.png</href></Icon></IconStyle></Style>
<Style id="puntoEstilo_71"><IconStyle><color>ffFF9B00</color><scale>0.6</scale><Icon><href>http://maps.google.com/mapfiles/kml/shapes/filled_circle.png</href></Icon></IconStyle></Style>
<Style id="puntoEstilo_72"><IconStyle><color>ffFF9F00</color><scale>0.6</scale><Icon><href>http://maps.google.com/mapfiles/kml/shapes/filled_circle.png</href></Icon></IconStyle></Style>
<Style id="puntoEstilo_73"><IconStyle><color>ffFFA300</color><scale>0.6</scale><Icon><href>http://maps.google.com/mapfiles/kml/shapes/filled_circle.png</href></Icon></IconStyle></Style>
<Style id="puntoEstilo_74"><IconStyle><color>ffFFA700</color><scale>0.6</scale><Icon><href>http://maps.google.com/mapfiles/kml/shapes/filled_circle.png</href></Icon></IconStyle></Style>
<Style id="puntoEstilo_75"><IconStyle><color>ffFFAB00</color><scale>0.6</scale><Icon><href>http://maps.google.com/mapfiles/kml/shapes/filled_circle.png</href></Icon></IconStyle></Style>
<Style id="puntoEstilo_76"><IconStyle><color>ffFFAF00</color><scale>0.6</scale><Icon><href>http://maps.google.com/mapfiles/kml/shapes/filled_circle.png</href></Icon></IconStyle></Style>
<Style id="puntoEstilo_77"><IconStyle><color>ffFFB300</color><scale>0.6</scale><Icon><href>http://maps.google.com/mapfiles/kml/shapes/filled_circle.png</href></Icon></IconStyle></Style>
<Style id="puntoEstilo_78"><IconStyle><color>ffFFB700</color><scale>0.6</scale><Icon><href>http://maps.google.com/mapfiles/kml/shapes/filled_circle.png</href></Icon></IconStyle></Style>
<Style id="puntoEstilo_79"><IconStyle><color>ffFFBB00</color><scale>0.6</scale><Icon><href>http://maps.google.com/mapfiles/kml/shapes/filled_circle.png</href></Icon></IconStyle></Style>
<Style id="puntoEstilo_80"><IconStyle><color>ffFFBF00</color><scale>0.6</scale><Icon><href>http://maps.google.com/mapfiles/kml/shapes/filled_circle.png</href></Icon></IconStyle></Style>
<Style id="puntoEstilo_81"><IconStyle><color>ffFFC300</color><scale>0.6</scale><Icon><href>http://maps.google.com/mapfiles/kml/shapes/filled_circle.png</href></Icon></IconStyle></Style>
<Style id="puntoEstilo_82"><IconStyle><color>ffFFC700</color><scale>0.6</scale><Icon><href>http://maps.google.com/mapfiles/kml/shapes/filled_circle.png</href></Icon></IconStyle></Style>
<Style id="puntoEstilo_83"><IconStyle><color>ffFFCB00</color><scale>0.6</scale><Icon><href>http://maps.google.com/mapfiles/kml/shapes/filled_circle.png</href></Icon></IconStyle></Style>
<Style id="puntoEstilo_84"><IconStyle><color>ffFFCF00</color><scale>0.6</scale><Icon><href>http://maps.google.com/mapfiles/kml/shapes/filled_circle.png</href></Icon></IconStyle></Style>
<Style id="puntoEstilo_85"><IconStyle><color>ffFFD300</color><scale>0.6</scale><Icon><href>http://maps.google.com/mapfiles/kml/shapes/filled_circle.png</href></Icon></IconStyle></Style>
<Style id="puntoEstilo_86"><IconStyle><color>ffFFD700</color><scale>0.6</scale><Icon><href>http://maps.google.com/mapfiles/kml/shapes/filled_circle.png</href></Icon></IconStyle></Style>
<Style id="puntoEstilo_87"><IconStyle><color>ffFFDB00</color><scale>0.6</scale><Icon><href>http://maps.google.com/mapfiles/kml/shapes/filled_circle.png</href></Icon></IconStyle></Style>
<Style id="puntoEstilo_88"><IconStyle><color>ffFFDF00</color><scale>0.6</scale><Icon><href>http://maps.google.com/mapfiles/kml/shapes/filled_circle.png</href></Icon></IconStyle></Style>
<Style id="puntoEstilo_89"><IconStyle><color>ffFFE300</color><scale>0.6</scale><Icon><href>http://maps.google.com/mapfiles/kml/shapes/filled_circle.png</href></Icon></IconStyle></Style>
<Style id="puntoEstilo_90"><IconStyle><color>ffFFE700</color><scale>0.6</scale><Icon><href>http://maps.google.com/mapfiles/kml/shapes/filled_circle.png</href></Icon></IconStyle></Style>
<Style id="puntoEstilo_91"><IconStyle><color>ffFFEB00</color><scale>0.6</scale><Icon><href>http://maps.google.com/mapfiles/kml/shapes/filled_circle.png</href></Icon></IconStyle></Style>
<Style id="puntoEstilo_92"><IconStyle><color>ffFFEF00</color><scale>0.6</scale><Icon><href>http://maps.google.com/mapfiles/kml/shapes/filled_circle.png</href></Icon></IconStyle></Style>
<Style id="puntoEstilo_93"><IconStyle><color>ffFFF300</color><scale>0.6</scale><Icon><href>http://maps.google.com/mapfiles/kml/shapes/filled_circle.png</href></Icon></IconStyle></Style>
<Style id="puntoEstilo_94"><IconStyle><color>ffFFF700</color><scale>0.6</scale><Icon><href>http://maps.google.com/mapfiles/kml/shapes/filled_circle.png</href></Icon></IconStyle></Style>
<Style id="puntoEstilo_95"><IconStyle><color>ffFFFB00</color><scale>0.6</scale><Icon><href>http://maps.google.com/mapfiles/kml/shapes/filled_circle.png</href></Icon></IconStyle></Style>
<Style id="puntoEstilo_96"><IconStyle><color>ffFFFF00</color><scale>0.6</scale><Icon><href>http://maps.google.com/mapfiles/kml/shapes/filled_circle.png</href></Icon></IconStyle></Style>
<Style id="puntoEstilo_97"><IconStyle><color>ffFBFF03</color><scale>0.6</scale><Icon><href>http://maps.google.com/mapfiles/kml/shapes/filled_circle.png</href></Icon></IconStyle></Style>
<Style id="puntoEstilo_98"><IconStyle><color>ffF7FF07</color><scale>0.6</scale><Icon><href>http://maps.google.com/mapfiles/kml/shapes/filled_circle.png</href></Icon></IconStyle></Style>
<Style id="puntoEstilo_99"><IconStyle><color>ffF3FF0B</color><scale>0.6</scale><Icon><href>http://maps.google.com/mapfiles/kml/shapes/filled_circle.png</href></Icon></IconStyle></Style>
<Style id="puntoEstilo_100"><IconStyle><color>ffEFFF0F</color><scale>0.6</scale><Icon><href>http://maps.google.com/mapfiles/kml/shapes/filled_circle.png</href></Icon></IconStyle></Style>
<Style id="puntoEstilo_101"><IconStyle><color>ffEBFF13</color><scale>0.6</scale><Icon><href>http://maps.google.com/mapfiles/kml/shapes/filled_circle.png</href></Icon></IconStyle></Style>
<Style id="puntoEstilo_102"><IconStyle><color>ffE7FF17</color><scale>0.6</scale><Icon><href>http://maps.google.com/mapfiles/kml/shapes/filled_circle.png</href></Icon></IconStyle></Style>
<Style id="puntoEstilo_103"><IconStyle><color>ffE3FF1B</color><scale>0.6</scale><Icon><href>http://maps.google.com/mapfiles/kml/shapes/filled_circle.png</href></Icon></IconStyle></Style>
<Style id="puntoEstilo_104"><IconStyle><color>ffDFFF1F</color><scale>0.6</scale><Icon><href>http://maps.google.com/mapfiles/kml/shapes/filled_circle.png</href></Icon></IconStyle></Style>
<Style id="puntoEstilo_105"><IconStyle><color>ffDBFF23</color><scale>0.6</scale><Icon><href>http://maps.google.com/mapfiles/kml/shapes/filled_circle.png</href></Icon></IconStyle></Style>
<Style id="puntoEstilo_106"><IconStyle><color>ffD7FF27</color><scale>0.6</scale><Icon><href>http://maps.google.com/mapfiles/kml/shapes/filled_circle.png</href></Icon></IconStyle></Style>
<Style id="puntoEstilo_107"><IconStyle><color>ffD3FF2B</color><scale>0.6</scale><Icon><href>http://maps.google.com/mapfiles/kml/shapes/filled_circle.png</href></Icon></IconStyle></Style>
<Style id="puntoEstilo_108"><IconStyle><color>ffCFFF2F</color><scale>0.6</scale><Icon><href>http://maps.google.com/mapfiles/kml/shapes/filled_circle.png</href></Icon></IconStyle></Style>
<Style id="puntoEstilo_109"><IconStyle><color>ffCBFF33</color><scale>0.6</scale><Icon><href>http://maps.google.com/mapfiles/kml/shapes/filled_circle.png</href></Icon></IconStyle></Style>
<Style id="puntoEstilo_110"><IconStyle><color>ffC7FF37</color><scale>0.6</scale><Icon><href>http://maps.google.com/mapfiles/kml/shapes/filled_circle.png</href></Icon></IconStyle></Style>
<Style id="puntoEstilo_111"><IconStyle><color>ffC3FF3B</color><scale>0.6</scale><Icon><href>http://maps.google.com/mapfiles/kml/shapes/filled_circle.png</href></Icon></IconStyle></Style>
<Style id="puntoEstilo_112"><IconStyle><color>ffBFFF3F</color><scale>0.6</scale><Icon><href>http://maps.google.com/mapfiles/kml/shapes/filled_circle.png</href></Icon></IconStyle></Style>
<Style id="puntoEstilo_113"><IconStyle><color>ffBBFF43</color><scale>0.6</scale><Icon><href>http://maps.google.com/mapfiles/kml/shapes/filled_circle.png</href></Icon></IconStyle></Style>
<Style id="puntoEstilo_114"><IconStyle><color>ffB7FF47</color><scale>0.6</scale><Icon><href>http://maps.google.com/mapfiles/kml/shapes/filled_circle.png</href></Icon></IconStyle></Style>
<Style id="puntoEstilo_115"><IconStyle><color>ffB3FF4B</color><scale>0.6</scale><Icon><href>http://maps.google.com/mapfiles/kml/shapes/filled_circle.png</href></Icon></IconStyle></Style>
<Style id="puntoEstilo_116"><IconStyle><color>ffAFFF4F</color><scale>0.6</scale><Icon><href>http://maps.google.com/mapfiles/kml/shapes/filled_circle.png</href></Icon></IconStyle></Style>
<Style id="puntoEstilo_117"><IconStyle><color>ffABFF53</color><scale>0.6</scale><Icon><href>http://maps.google.com/mapfiles/kml/shapes/filled_circle.png</href></Icon></IconStyle></Style>
<Style id="puntoEstilo_118"><IconStyle><color>ffA7FF57</color><scale>0.6</scale><Icon><href>http://maps.google.com/mapfiles/kml/shapes/filled_circle.png</href></Icon></IconStyle></Style>
<Style id="puntoEstilo_119"><IconStyle><color>ffA3FF5B</color><scale>0.6</scale><Icon><href>http://maps.google.com/mapfiles/kml/shapes/filled_circle.png</href></Icon></IconStyle></Style>
<Style id="puntoEstilo_120"><IconStyle><color>ff9FFF5F</color><scale>0.6</scale><Icon><href>http://maps.google.com/mapfiles/kml/shapes/filled_circle.png</href></Icon></IconStyle></Style>
<Style id="puntoEstilo_121"><IconStyle><color>ff9BFF63</color><scale>0.6</scale><Icon><href>http://maps.google.com/mapfiles/kml/shapes/filled_circle.png</href></Icon></IconStyle></Style>
<Style id="puntoEstilo_122"><IconStyle><color>ff97FF67</color><scale>0.6</scale><Icon><href>http://maps.google.com/mapfiles/kml/shapes/filled_circle.png</href></Icon></IconStyle></Style>
<Style id="puntoEstilo_123"><IconStyle><color>ff93FF6B</color><scale>0.6</scale><Icon><href>http://maps.google.com/mapfiles/kml/shapes/filled_circle.png</href></Icon></IconStyle></Style>
<Style id="puntoEstilo_124"><IconStyle><color>ff8FFF6F</color><scale>0.6</scale><Icon><href>http://maps.google.com/mapfiles/kml/shapes/filled_circle.png</href></Icon></IconStyle></Style>
<Style id="puntoEstilo_125"><IconStyle><color>ff8BFF73</color><scale>0.6</scale><Icon><href>http://maps.google.com/mapfiles/kml/shapes/filled_circle.png</href></Icon></IconStyle></Style>
<Style id="puntoEstilo_126"><IconStyle><color>ff87FF77</color><scale>0.6</scale><Icon><href>http://maps.google.com/mapfiles/kml/shapes/filled_circle.png</href></Icon></IconStyle></Style>
<Style id="puntoEstilo_127"><IconStyle><color>ff83FF7B</color><scale>0.6</scale><Icon><href>http://maps.google.com/mapfiles/kml/shapes/filled_circle.png</href></Icon></IconStyle></Style>
<Style id="puntoEstilo_128"><IconStyle><color>ff7FFF7F</color><scale>0.6</scale><Icon><href>http://maps.google.com/mapfiles/kml/shapes/filled_circle.png</href></Icon></IconStyle></Style>
<Style id="puntoEstilo_129"><IconStyle><color>ff7BFF83</color><scale>0.6</scale><Icon><href>http://maps.google.com/mapfiles/kml/shapes/filled_circle.png</href></Icon></IconStyle></Style>
<Style id="puntoEstilo_130"><IconStyle><color>ff77FF87</color><scale>0.6</scale><Icon><href>http://maps.google.com/mapfiles/kml/shapes/filled_circle.png</href></Icon></IconStyle></Style>
<Style id="puntoEstilo_131"><IconStyle><color>ff73FF8B</color><scale>0.6</scale><Icon><href>http://maps.google.com/mapfiles/kml/shapes/filled_circle.png</href></Icon></IconStyle></Style>
<Style id="puntoEstilo_132"><IconStyle><color>ff6FFF8F</color><scale>0.6</scale><Icon><href>http://maps.google.com/mapfiles/kml/shapes/filled_circle.png</href></Icon></IconStyle></Style>
<Style id="puntoEstilo_133"><IconStyle><color>ff6BFF93</color><scale>0.6</scale><Icon><href>http://maps.google.com/mapfiles/kml/shapes/filled_circle.png</href></Icon></IconStyle></Style>
<Style id="puntoEstilo_134"><IconStyle><color>ff67FF97</color><scale>0.6</scale><Icon><href>http://maps.google.com/mapfiles/kml/shapes/filled_circle.png</href></Icon></IconStyle></Style>
<Style id="puntoEstilo_135"><IconStyle><color>ff63FF9B</color><scale>0.6</scale><Icon><href>http://maps.google.com/mapfiles/kml/shapes/filled_circle.png</href></Icon></IconStyle></Style>
<Style id="puntoEstilo_136"><IconStyle><color>ff5FFF9F</color><scale>0.6</scale><Icon><href>http://maps.google.com/mapfiles/kml/shapes/filled_circle.png</href></Icon></IconStyle></Style>
<Style id="puntoEstilo_137"><IconStyle><color>ff5BFFA3</color><scale>0.6</scale><Icon><href>http://maps.google.com/mapfiles/kml/shapes/filled_circle.png</href></Icon></IconStyle></Style>
<Style id="puntoEstilo_138"><IconStyle><color>ff57FFA7</color><scale>0.6</scale><Icon><href>http://maps.google.com/mapfiles/kml/shapes/filled_circle.png</href></Icon></IconStyle></Style>
<Style id="puntoEstilo_139"><IconStyle><color>ff53FFAB</color><scale>0.6</scale><Icon><href>http://maps.google.com/mapfiles/kml/shapes/filled_circle.png</href></Icon></IconStyle></Style>
<Style id="puntoEstilo_140"><IconStyle><color>ff4FFFAF</color><scale>0.6</scale><Icon><href>http://maps.google.com/mapfiles/kml/shapes/filled_circle.png</href></Icon></IconStyle></Style>
<Style id="puntoEstilo_141"><IconStyle><color>ff4BFFB3</color><scale>0.6</scale><Icon><href>http://maps.google.com/mapfiles/kml/shapes/filled_circle.png</href></Icon></IconStyle></Style>
<Style id="puntoEstilo_142"><IconStyle><color>ff47FFB7</color><scale>0.6</scale><Icon><href>http://maps.google.com/mapfiles/kml/shapes/filled_circle.png</href></Icon></IconStyle></Style>
<Style id="puntoEstilo_143"><IconStyle><color>ff43FFBB</color><scale>0.6</scale><Icon><href>http://maps.google.com/mapfiles/kml/shapes/filled_circle.png</href></Icon></IconStyle></Style>
<Style id="puntoEstilo_144"><IconStyle><color>ff3FFFBF</color><scale>0.6</scale><Icon><href>http://maps.google.com/mapfiles/kml/shapes/filled_circle.png</href></Icon></IconStyle></Style>
<Style id="puntoEstilo_145"><IconStyle><color>ff3BFFC3</color><scale>0.6</scale><Icon><href>http://maps.google.com/mapfiles/kml/shapes/filled_circle.png</href></Icon></IconStyle></Style>
<Style id="puntoEstilo_146"><IconStyle><color>ff37FFC7</color><scale>0.6</scale><Icon><href>http://maps.google.com/mapfiles/kml/shapes/filled_circle.png</href></Icon></IconStyle></Style>
<Style id="puntoEstilo_147"><IconStyle><color>ff33FFCB</color><scale>0.6</scale><Icon><href>http://maps.google.com/mapfiles/kml/shapes/filled_circle.png</href></Icon></IconStyle></Style>
<Style id="puntoEstilo_148"><IconStyle><color>ff2FFFCF</color><scale>0.6</scale><Icon><href>http://maps.google.com/mapfiles/kml/shapes/filled_circle.png</href></Icon></IconStyle></Style>
<Style id="puntoEstilo_149"><IconStyle><color>ff2BFFD3</color><scale>0.6</scale><Icon><href>http://maps.google.com/mapfiles/kml/shapes/filled_circle.png</href></Icon></IconStyle></Style>
<Style id="puntoEstilo_150"><IconStyle><color>ff27FFD7</color><scale>0.6</scale><Icon><href>http://maps.google.com/mapfiles/kml/shapes/filled_circle.png</href></Icon></IconStyle></Style>
<Style id="puntoEstilo_151"><IconStyle><color>ff23FFDB</color><scale>0.6</scale><Icon><href>http://maps.google.com/mapfiles/kml/shapes/filled_circle.png</href></Icon></IconStyle></Style>
<Style id="puntoEstilo_152"><IconStyle><color>ff1FFFDF</color><scale>0.6</scale><Icon><href>http://maps.google.com/mapfiles/kml/shapes/filled_circle.png</href></Icon></IconStyle></Style>
<Style id="puntoEstilo_153"><IconStyle><color>ff1BFFE3</color><scale>0.6</scale><Icon><href>http://maps.google.com/mapfiles/kml/shapes/filled_circle.png</href></Icon></IconStyle></Style>
<Style id="puntoEstilo_154"><IconStyle><color>ff17FFE7</color><scale>0.6</scale><Icon><href>http://maps.google.com/mapfiles/kml/shapes/filled_circle.png</href></Icon></IconStyle></Style>
<Style id="puntoEstilo_155"><IconStyle><color>ff13FFEB</color><scale>0.6</scale><Icon><href>http://maps.google.com/mapfiles/kml/shapes/filled_circle.png</href></Icon></IconStyle></Style>
<Style id="puntoEstilo_156"><IconStyle><color>ff0FFFEF</color><scale>0.6</scale><Icon><href>http://maps.google.com/mapfiles/kml/shapes/filled_circle.png</href></Icon></IconStyle></Style>
<Style id="puntoEstilo_157"><IconStyle><color>ff0BFFF3</color><scale>0.6</scale><Icon><href>http://maps.google.com/mapfiles/kml/shapes/filled_circle.png</href></Icon></IconStyle></Style>
<Style id="puntoEstilo_158"><IconStyle><color>ff07FFF7</color><scale>0.6</scale><Icon><href>http://maps.google.com/mapfiles/kml/shapes/filled_circle.png</href></Icon></IconStyle></Style>
<Style id="puntoEstilo_159"><IconStyle><color>ff03FFFB</color><scale>0.6</scale><Icon><href>http://maps.google.com/mapfiles/kml/shapes/filled_circle.png</href></Icon></IconStyle></Style>
<Style id="puntoEstilo_160"><IconStyle><color>ff00FFFF</color><scale>0.6</scale><Icon><href>http://maps.google.com/mapfiles/kml/shapes/filled_circle.png</href></Icon></IconStyle></Style>
<Style id="puntoEstilo_161"><IconStyle><color>ff00FBFF</color><scale>0.6</scale><Icon><href>http://maps.google.com/mapfiles/kml/shapes/filled_circle.png</href></Icon></IconStyle></Style>
<Style id="puntoEstilo_162"><IconStyle><color>ff00F7FF</color><scale>0.6</scale><Icon><href>http://maps.google.com/mapfiles/kml/shapes/filled_circle.png</href></Icon></IconStyle></Style>
<Style id="puntoEstilo_163"><IconStyle><color>ff00F3FF</color><scale>0.6</scale><Icon><href>http://maps.google.com/mapfiles/kml/shapes/filled_circle.png</href></Icon></IconStyle></Style>
<Style id="puntoEstilo_164"><IconStyle><color>ff00EFFF</color><scale>0.6</scale><Icon><href>http://maps.google.com/mapfiles/kml/shapes/filled_circle.png</href></Icon></IconStyle></Style>
<Style id="puntoEstilo_165"><IconStyle><color>ff00EBFF</color><scale>0.6</scale><Icon><href>http://maps.google.com/mapfiles/kml/shapes/filled_circle.png</href></Icon></IconStyle></Style>
<Style id="puntoEstilo_166"><IconStyle><color>ff00E7FF</color><scale>0.6</scale><Icon><href>http://maps.google.com/mapfiles/kml/shapes/filled_circle.png</href></Icon></IconStyle></Style>
<Style id="puntoEstilo_167"><IconStyle><color>ff00E3FF</color><scale>0.6</scale><Icon><href>http://maps.google.com/mapfiles/kml/shapes/filled_circle.png</href></Icon></IconStyle></Style>
<Style id="puntoEstilo_168"><IconStyle><color>ff00DFFF</color><scale>0.6</scale><Icon><href>http://maps.google.com/mapfiles/kml/shapes/filled_circle.png</href></Icon></IconStyle></Style>
<Style id="puntoEstilo_169"><IconStyle><color>ff00DBFF</color><scale>0.6</scale><Icon><href>http://maps.google.com/mapfiles/kml/shapes/filled_circle.png</href></Icon></IconStyle></Style>
<Style id="puntoEstilo_170"><IconStyle><color>ff00D7FF</color><scale>0.6</scale><Icon><href>http://maps.google.com/mapfiles/kml/shapes/filled_circle.png</href></Icon></IconStyle></Style>
<Style id="puntoEstilo_171"><IconStyle><color>ff00D3FF</color><scale>0.6</scale><Icon><href>http://maps.google.com/mapfiles/kml/shapes/filled_circle.png</href></Icon></IconStyle></Style>
<Style id="puntoEstilo_172"><IconStyle><color>ff00CFFF</color><scale>0.6</scale><Icon><href>http://maps.google.com/mapfiles/kml/shapes/filled_circle.png</href></Icon></IconStyle></Style>
<Style id="puntoEstilo_173"><IconStyle><color>ff00CBFF</color><scale>0.6</scale><Icon><href>http://maps.google.com/mapfiles/kml/shapes/filled_circle.png</href></Icon></IconStyle></Style>
<Style id="puntoEstilo_174"><IconStyle><color>ff00C7FF</color><scale>0.6</scale><Icon><href>http://maps.google.com/mapfiles/kml/shapes/filled_circle.png</href></Icon></IconStyle></Style>
<Style id="puntoEstilo_175"><IconStyle><color>ff00C3FF</color><scale>0.6</scale><Icon><href>http://maps.google.com/mapfiles/kml/shapes/filled_circle.png</href></Icon></IconStyle></Style>
<Style id="puntoEstilo_176"><IconStyle><color>ff00BFFF</color><scale>0.6</scale><Icon><href>http://maps.google.com/mapfiles/kml/shapes/filled_circle.png</href></Icon></IconStyle></Style>
<Style id="puntoEstilo_177"><IconStyle><color>ff00BBFF</color><scale>0.6</scale><Icon><href>http://maps.google.com/mapfiles/kml/shapes/filled_circle.png</href></Icon></IconStyle></Style>
<Style id="puntoEstilo_178"><IconStyle><color>ff00B7FF</color><scale>0.6</scale><Icon><href>http://maps.google.com/mapfiles/kml/shapes/filled_circle.png</href></Icon></IconStyle></Style>
<Style id="puntoEstilo_179"><IconStyle><color>ff00B3FF</color><scale>0.6</scale><Icon><href>http://maps.google.com/mapfiles/kml/shapes/filled_circle.png</href></Icon></IconStyle></Style>
<Style id="puntoEstilo_180"><IconStyle><color>ff00AFFF</color><scale>0.6</scale><Icon><href>http://maps.google.com/mapfiles/kml/shapes/filled_circle.png</href></Icon></IconStyle></Style>
<Style id="puntoEstilo_181"><IconStyle><color>ff00ABFF</color><scale>0.6</scale><Icon><href>http://maps.google.com/mapfiles/kml/shapes/filled_circle.png</href></Icon></IconStyle></Style>
<Style id="puntoEstilo_182"><IconStyle><color>ff00A7FF</color><scale>0.6</scale><Icon><href>http://maps.google.com/mapfiles/kml/shapes/filled_circle.png</href></Icon></IconStyle></Style>
<Style id="puntoEstilo_183"><IconStyle><color>ff00A3FF</color><scale>0.6</scale><Icon><href>http://maps.google.com/mapfiles/kml/shapes/filled_circle.png</href></Icon></IconStyle></Style>
<Style id="puntoEstilo_184"><IconStyle><color>ff009FFF</color><scale>0.6</scale><Icon><href>http://maps.google.com/mapfiles/kml/shapes/filled_circle.png</href></Icon></IconStyle></Style>
<Style id="puntoEstilo_185"><IconStyle><color>ff009BFF</color><scale>0.6</scale><Icon><href>http://maps.google.com/mapfiles/kml/shapes/filled_circle.png</href></Icon></IconStyle></Style>
<Style id="puntoEstilo_186"><IconStyle><color>ff0097FF</color><scale>0.6</scale><Icon><href>http://maps.google.com/mapfiles/kml/shapes/filled_circle.png</href></Icon></IconStyle></Style>
<Style id="puntoEstilo_187"><IconStyle><color>ff0093FF</color><scale>0.6</scale><Icon><href>http://maps.google.com/mapfiles/kml/shapes/filled_circle.png</href></Icon></IconStyle></Style>
<Style id="puntoEstilo_188"><IconStyle><color>ff008FFF</color><scale>0.6</scale><Icon><href>http://maps.google.com/mapfiles/kml/shapes/filled_circle.png</href></Icon></IconStyle></Style>
<Style id="puntoEstilo_189"><IconStyle><color>ff008BFF</color><scale>0.6</scale><Icon><href>http://maps.google.com/mapfiles/kml/shapes/filled_circle.png</href></Icon></IconStyle></Style>
<Style id="puntoEstilo_190"><IconStyle><color>ff0087FF</color><scale>0.6</scale><Icon><href>http://maps.google.com/mapfiles/kml/shapes/filled_circle.png</href></Icon></IconStyle></Style>
<Style id="puntoEstilo_191"><IconStyle><color>ff0083FF</color><scale>0.6</scale><Icon><href>http://maps.google.com/mapfiles/kml/shapes/filled_circle.png</href></Icon></IconStyle></Style>
<Style id="puntoEstilo_192"><IconStyle><color>ff007FFF</color><scale>0.6</scale><Icon><href>http://maps.google.com/mapfiles/kml/shapes/filled_circle.png</href></Icon></IconStyle></Style>
<Style id="puntoEstilo_193"><IconStyle><color>ff007BFF</color><scale>0.6</scale><Icon><href>http://maps.google.com/mapfiles/kml/shapes/filled_circle.png</href></Icon></IconStyle></Style>
<Style id="puntoEstilo_194"><IconStyle><color>ff0077FF</color><scale>0.6</scale><Icon><href>http://maps.google.com/mapfiles/kml/shapes/filled_circle.png</href></Icon></IconStyle></Style>
<Style id="puntoEstilo_195"><IconStyle><color>ff0073FF</color><scale>0.6</scale><Icon><href>http://maps.google.com/mapfiles/kml/shapes/filled_circle.png</href></Icon></IconStyle></Style>
<Style id="puntoEstilo_196"><IconStyle><color>ff006FFF</color><scale>0.6</scale><Icon><href>http://maps.google.com/mapfiles/kml/shapes/filled_circle.png</href></Icon></IconStyle></Style>
<Style id="puntoEstilo_197"><IconStyle><color>ff006BFF</color><scale>0.6</scale><Icon><href>http://maps.google.com/mapfiles/kml/shapes/filled_circle.png</href></Icon></IconStyle></Style>
<Style id="puntoEstilo_198"><IconStyle><color>ff0067FF</color><scale>0.6</scale><Icon><href>http://maps.google.com/mapfiles/kml/shapes/filled_circle.png</href></Icon></IconStyle></Style>
<Style id="puntoEstilo_199"><IconStyle><color>ff0063FF</color><scale>0.6</scale><Icon><href>http://maps.google.com/mapfiles/kml/shapes/filled_circle.png</href></Icon></IconStyle></Style>
<Style id="puntoEstilo_200"><IconStyle><color>ff005FFF</color><scale>0.6</scale><Icon><href>http://maps.google.com/mapfiles/kml/shapes/filled_circle.png</href></Icon></IconStyle></Style>
<Style id="puntoEstilo_201"><IconStyle><color>ff005BFF</color><scale>0.6</scale><Icon><href>http://maps.google.com/mapfiles/kml/shapes/filled_circle.png</href></Icon></IconStyle></Style>
<Style id="puntoEstilo_202"><IconStyle><color>ff0057FF</color><scale>0.6</scale><Icon><href>http://maps.google.com/mapfiles/kml/shapes/filled_circle.png</href></Icon></IconStyle></Style>
<Style id="puntoEstilo_203"><IconStyle><color>ff0053FF</color><scale>0.6</scale><Icon><href>http://maps.google.com/mapfiles/kml/shapes/filled_circle.png</href></Icon></IconStyle></Style>
<Style id="puntoEstilo_204"><IconStyle><color>ff004FFF</color><scale>0.6</scale><Icon><href>http://maps.google.com/mapfiles/kml/shapes/filled_circle.png</href></Icon></IconStyle></Style>
<Style id="puntoEstilo_205"><IconStyle><color>ff004BFF</color><scale>0.6</scale><Icon><href>http://maps.google.com/mapfiles/kml/shapes/filled_circle.png</href></Icon></IconStyle></Style>
<Style id="puntoEstilo_206"><IconStyle><color>ff0047FF</color><scale>0.6</scale><Icon><href>http://maps.google.com/mapfiles/kml/shapes/filled_circle.png</href></Icon></IconStyle></Style>
<Style id="puntoEstilo_207"><IconStyle><color>ff0043FF</color><scale>0.6</scale><Icon><href>http://maps.google.com/mapfiles/kml/shapes/filled_circle.png</href></Icon></IconStyle></Style>
<Style id="puntoEstilo_208"><IconStyle><color>ff003FFF</color><scale>0.6</scale><Icon><href>http://maps.google.com/mapfiles/kml/shapes/filled_circle.png</href></Icon></IconStyle></Style>
<Style id="puntoEstilo_209"><IconStyle><color>ff003BFF</color><scale>0.6</scale><Icon><href>http://maps.google.com/mapfiles/kml/shapes/filled_circle.png</href></Icon></IconStyle></Style>
<Style id="puntoEstilo_210"><IconStyle><color>ff0037FF</color><scale>0.6</scale><Icon><href>http://maps.google.com/mapfiles/kml/shapes/filled_circle.png</href></Icon></IconStyle></Style>
<Style id="puntoEstilo_211"><IconStyle><color>ff0033FF</color><scale>0.6</scale><Icon><href>http://maps.google.com/mapfiles/kml/shapes/filled_circle.png</href></Icon></IconStyle></Style>
<Style id="puntoEstilo_212"><IconStyle><color>ff002FFF</color><scale>0.6</scale><Icon><href>http://maps.google.com/mapfiles/kml/shapes/filled_circle.png</href></Icon></IconStyle></Style>
<Style id="puntoEstilo_213"><IconStyle><color>ff002BFF</color><scale>0.6</scale><Icon><href>http://maps.google.com/mapfiles/kml/shapes/filled_circle.png</href></Icon></IconStyle></Style>
<Style id="puntoEstilo_214"><IconStyle><color>ff0027FF</color><scale>0.6</scale><Icon><href>http://maps.google.com/mapfiles/kml/shapes/filled_circle.png</href></Icon></IconStyle></Style>
<Style id="puntoEstilo_215"><IconStyle><color>ff0023FF</color><scale>0.6</scale><Icon><href>http://maps.google.com/mapfiles/kml/shapes/filled_circle.png</href></Icon></IconStyle></Style>
<Style id="puntoEstilo_216"><IconStyle><color>ff001FFF</color><scale>0.6</scale><Icon><href>http://maps.google.com/mapfiles/kml/shapes/filled_circle.png</href></Icon></IconStyle></Style>
<Style id="puntoEstilo_217"><IconStyle><color>ff001BFF</color><scale>0.6</scale><Icon><href>http://maps.google.com/mapfiles/kml/shapes/filled_circle.png</href></Icon></IconStyle></Style>
<Style id="puntoEstilo_218"><IconStyle><color>ff0017FF</color><scale>0.6</scale><Icon><href>http://maps.google.com/mapfiles/kml/shapes/filled_circle.png</href></Icon></IconStyle></Style>
<Style id="puntoEstilo_219"><IconStyle><color>ff0013FF</color><scale>0.6</scale><Icon><href>http://maps.google.com/mapfiles/kml/shapes/filled_circle.png</href></Icon></IconStyle></Style>
<Style id="puntoEstilo_220"><IconStyle><color>ff000FFF</color><scale>0.6</scale><Icon><href>http://maps.google.com/mapfiles/kml/shapes/filled_circle.png</href></Icon></IconStyle></Style>
<Style id="puntoEstilo_221"><IconStyle><color>ff000BFF</color><scale>0.6</scale><Icon><href>http://maps.google.com/mapfiles/kml/shapes/filled_circle.png</href></Icon></IconStyle></Style>
<Style id="puntoEstilo_222"><IconStyle><color>ff0007FF</color><scale>0.6</scale><Icon><href>http://maps.google.com/mapfiles/kml/shapes/filled_circle.png</href></Icon></IconStyle></Style>
<Style id="puntoEstilo_223"><IconStyle><color>ff0003FF</color><scale>0.6</scale><Icon><href>http://maps.google.com/mapfiles/kml/shapes/filled_circle.png</href></Icon></IconStyle></Style>
<Style id="puntoEstilo_224"><IconStyle><color>ff0000FF</color><scale>0.6</scale><Icon><href>http://maps.google.com/mapfiles/kml/shapes/filled_circle.png</href></Icon></IconStyle></Style>
<Style id="puntoEstilo_225"><IconStyle><color>ff0000FB</color><scale>0.6</scale><Icon><href>http://maps.google.com/mapfiles/kml/shapes/filled_circle.png</href></Icon></IconStyle></Style>
<Style id="puntoEstilo_226"><IconStyle><color>ff0000F7</color><scale>0.6</scale><Icon><href>http://maps.google.com/mapfiles/kml/shapes/filled_circle.png</href></Icon></IconStyle></Style>
<Style id="puntoEstilo_227"><IconStyle><color>ff0000F3</color><scale>0.6</scale><Icon><href>http://maps.google.com/mapfiles/kml/shapes/filled_circle.png</href></Icon></IconStyle></Style>
<Style id="puntoEstilo_228"><IconStyle><color>ff0000EF</color><scale>0.6</scale><Icon><href>http://maps.google.com/mapfiles/kml/shapes/filled_circle.png</href></Icon></IconStyle></Style>
<Style id="puntoEstilo_229"><IconStyle><color>ff0000EB</color><scale>0.6</scale><Icon><href>http://maps.google.com/mapfiles/kml/shapes/filled_circle.png</href></Icon></IconStyle></Style>
<Style id="puntoEstilo_230"><IconStyle><color>ff0000E7</color><scale>0.6</scale><Icon><href>http://maps.google.com/mapfiles/kml/shapes/filled_circle.png</href></Icon></IconStyle></Style>
<Style id="puntoEstilo_231"><IconStyle><color>ff0000E3</color><scale>0.6</scale><Icon><href>http://maps.google.com/mapfiles/kml/shapes/filled_circle.png</href></Icon></IconStyle></Style>
<Style id="puntoEstilo_232"><IconStyle><color>ff0000DF</color><scale>0.6</scale><Icon><href>http://maps.google.com/mapfiles/kml/shapes/filled_circle.png</href></Icon></IconStyle></Style>
<Style id="puntoEstilo_233"><IconStyle><color>ff0000DB</color><scale>0.6</scale><Icon><href>http://maps.google.com/mapfiles/kml/shapes/filled_circle.png</href></Icon></IconStyle></Style>
<Style id="puntoEstilo_234"><IconStyle><color>ff0000D7</color><scale>0.6</scale><Icon><href>http://maps.google.com/mapfiles/kml/shapes/filled_circle.png</href></Icon></IconStyle></Style>
<Style id="puntoEstilo_235"><IconStyle><color>ff0000D3</color><scale>0.6</scale><Icon><href>http://maps.google.com/mapfiles/kml/shapes/filled_circle.png</href></Icon></IconStyle></Style>
<Style id="puntoEstilo_236"><IconStyle><color>ff0000CF</color><scale>0.6</scale><Icon><href>http://maps.google.com/mapfiles/kml/shapes/filled_circle.png</href></Icon></IconStyle></Style>
<Style id="puntoEstilo_237"><IconStyle><color>ff0000CB</color><scale>0.6</scale><Icon><href>http://maps.google.com/mapfiles/kml/shapes/filled_circle.png</href></Icon></IconStyle></Style>
<Style id="puntoEstilo_238"><IconStyle><color>ff0000C7</color><scale>0.6</scale><Icon><href>http://maps.google.com/mapfiles/kml/shapes/filled_circle.png</href></Icon></IconStyle></Style>
<Style id="puntoEstilo_239"><IconStyle><color>ff0000C3</color><scale>0.6</scale><Icon><href>http://maps.google.com/mapfiles/kml/shapes/filled_circle.png</href></Icon></IconStyle></Style>
<Style id="puntoEstilo_240"><IconStyle><color>ff0000BF</color><scale>0.6</scale><Icon><href>http://maps.google.com/mapfiles/kml/shapes/filled_circle.png</href></Icon></IconStyle></Style>
<Style id="puntoEstilo_241"><IconStyle><color>ff0000BB</color><scale>0.6</scale><Icon><href>http://maps.google.com/mapfiles/kml/shapes/filled_circle.png</href></Icon></IconStyle></Style>
<Style id="puntoEstilo_242"><IconStyle><color>ff0000B7</color><scale>0.6</scale><Icon><href>http://maps.google.com/mapfiles/kml/shapes/filled_circle.png</href></Icon></IconStyle></Style>
<Style id="puntoEstilo_243"><IconStyle><color>ff0000B3</color><scale>0.6</scale><Icon><href>http://maps.google.com/mapfiles/kml/shapes/filled_circle.png</href></Icon></IconStyle></Style>
<Style id="puntoEstilo_244"><IconStyle><color>ff0000AF</color><scale>0.6</scale><Icon><href>http://maps.google.com/mapfiles/kml/shapes/filled_circle.png</href></Icon></IconStyle></Style>
<Style id="puntoEstilo_245"><IconStyle><color>ff0000AB</color><scale>0.6</scale><Icon><href>http://maps.google.com/mapfiles/kml/shapes/filled_circle.png</href></Icon></IconStyle></Style>
<Style id="puntoEstilo_246"><IconStyle><color>ff0000A7</color><scale>0.6</scale><Icon><href>http://maps.google.com/mapfiles/kml/shapes/filled_circle.png</href></Icon></IconStyle></Style>
<Style id="puntoEstilo_247"><IconStyle><color>ff0000A3</color><scale>0.6</scale><Icon><href>http://maps.google.com/mapfiles/kml/shapes/filled_circle.png</href></Icon></IconStyle></Style>
<Style id="puntoEstilo_248"><IconStyle><color>ff00009F</color><scale>0.6</scale><Icon><href>http://maps.google.com/mapfiles/kml/shapes/filled_circle.png</href></Icon></IconStyle></Style>
<Style id="puntoEstilo_249"><IconStyle><color>ff00009B</color><scale>0.6</scale><Icon><href>http://maps.google.com/mapfiles/kml/shapes/filled_circle.png</href></Icon></IconStyle></Style>
<Style id="puntoEstilo_250"><IconStyle><color>ff000097</color><scale>0.6</scale><Icon><href>http://maps.google.com/mapfiles/kml/shapes/filled_circle.png</href></Icon></IconStyle></Style>
<Style id="puntoEstilo_251"><IconStyle><color>ff000093</color><scale>0.6</scale><Icon><href>http://maps.google.com/mapfiles/kml/shapes/filled_circle.png</href></Icon></IconStyle></Style>
<Style id="puntoEstilo_252"><IconStyle><color>ff00008F</color><scale>0.6</scale><Icon><href>http://maps.google.com/mapfiles/kml/shapes/filled_circle.png</href></Icon></IconStyle></Style>
<Style id="puntoEstilo_253"><IconStyle><color>ff00008B</color><scale>0.6</scale><Icon><href>http://maps.google.com/mapfiles/kml/shapes/filled_circle.png</href></Icon></IconStyle></Style>
<Style id="puntoEstilo_254"><IconStyle><color>ff000087</color><scale>0.6</scale><Icon><href>http://maps.google.com/mapfiles/kml/shapes/filled_circle.png</href></Icon></IconStyle></Style>
<Style id="puntoEstilo_255"><IconStyle><color>ff000083</color><scale>0.6</scale><Icon><href>http://maps.google.com/mapfiles/kml/shapes/filled_circle.png</href></Icon></IconStyle></Style>
<Style id="puntoEstilo_256"><IconStyle><color>ff00007F</color><scale>0.6</scale><Icon><href>http://maps.google.com/mapfiles/kml/shapes/filled_circle.png</href></Icon></IconStyle></Style>
<Folder><name>Mediciones de Radiacion</name>
<Placemark>
<name>Punto 1</name><description>Radiacion: 26.65</description>
<styleUrl>#puntoEstilo_144</styleUrl>
<Point><altitudeMode>relativeToGround</altitudeMode><coordinates>-79.468185,-1.013049,11.23</coordinates></Point>
</Placemark>
<Placemark>
<name>Punto 2</name><description>Radiacion: 23.93</description>
<styleUrl>#puntoEstilo_118</styleUrl>
<Point><altitudeMode>relativeToGround</altitudeMode><coordinates>-79.468146,-1.013033,9.18</coordinates></Point>
</Placemark>
<Placemark>
<name>Punto 3</name><description>Radiacion: 22.23</description>
<styleUrl>#puntoEstilo_101</styleUrl>
<Point><altitudeMode>relativeToGround</altitudeMode><coordinates>-79.468113,-1.012994,7.90</coordinates></Point>
</Placemark>
<Placemark>
<name>Punto 4</name><description>Radiacion: 25.98</description>
<styleUrl>#puntoEstilo_137</styleUrl>
<Point><altitudeMode>relativeToGround</altitudeMode><coordinates>-79.468086,-1.012963,10.72</coordinates></Point>
</Placemark>
<Placemark>
<name>Punto 5</name><description>Radiacion: 26.37</description>
<styleUrl>#puntoEstilo_141</styleUrl>
<Point><altitudeMode>relativeToGround</altitudeMode><coordinates>-79.468049,-1.012957,11.02</coordinates></Point>
</Placemark>
<Placemark>
<name>Punto 6</name><description>Radiacion: 28.13</description>
<styleUrl>#puntoEstilo_158</styleUrl>
<Point><altitudeMode>relativeToGround</altitudeMode><coordinates>-79.468009,-1.012932,12.34</coordinates></Point>
</Placemark>
<Placemark>
<name>Punto 7</name><description>Radiacion: 28.04</description>
<styleUrl>#puntoEstilo_157</styleUrl>
<Point><altitudeMode>relativeToGround</altitudeMode><coordinates>-79.467978,-1.012892,12.28</coordinates></Point>
</Placemark>
<Placemark>
<name>Punto 8</name><description>Radiacion: 29.36</description>
<styleUrl>#puntoEstilo_170</styleUrl>
<Point><altitudeMode>relativeToGround</altitudeMode><coordinates>-79.467969,-1.012872,13.26</coordinates></Point>
</Placemark>
<Placemark>
<name>Punto 9</name><description>Radiacion: 28.75</description>
<styleUrl>#puntoEstilo_164</styleUrl>
<Point><altitudeMode>relativeToGround</altitudeMode><coordinates>-79.467935,-1.012861,12.81</coordinates></Point>
</Placemark>
<Placemark>
<name>Punto 10</name><description>Radiacion: 24.98</description>
<styleUrl>#puntoEstilo_128</styleUrl>
<Point><altitudeMode>relativeToGround</altitudeMode><coordinates>-79.467927,-1.012818,9.97</coordinates></Point>
</Placemark>
<Placemark>
<name>Punto 11</name><description>Radiacion: 25.55</description>
<styleUrl>#puntoEstilo_133</styleUrl>
<Point><altitudeMode>relativeToGround</altitudeMode><coordinates>-79.467916,-1.012782,10.40</coordinates></Point>
</Placemark>
<Placemark>
<name>Punto 12</name><description>Radiacion: 27.93</description>
<styleUrl>#puntoEstilo_156</styleUrl>
<Point><altitudeMode>relativeToGround</altitudeMode><coordinates>-79.467891,-1.012751,12.19</coordinates></Point>
</Placemark>
<Placemark>
<name>Punto 13</name><description>Radiacion: 30.40</description>
<styleUrl>#puntoEstilo_180</styleUrl>
<Point><altitudeMode>relativeToGround</altitudeMode><coordinates>-79.467868,-1.012726,14.05</coordinates></Point>
</Placemark>
<Placemark>
<name>Punto 14</name><description>Radiacion: 31.93</description>
<styleUrl>#puntoEstilo_194</styleUrl>
<Point><altitudeMode>relativeToGround</altitudeMode><coordinates>-79.467846,-1.012684,15.20</coordinates></Point>
</Placemark>
<Placemark>
<name>Punto 15</name><description>Radiacion: 36.10</description>
<styleUrl>#puntoEstilo_234</styleUrl>
<Point><altitudeMode>relativeToGround</altitudeMode><coordinates>-79.467822,-1.012672,18.34</coordinates></Point>
</Placemark>
<Placemark>
<name>Punto 16</name><description>Radiacion: 32.21</description>
<styleUrl>#puntoEstilo_197</styleUrl>
<Point><altitudeMode>relativeToGround</altitudeMode><coordinates>-79.467794,-1.012661,15.41</coordinates></Point>
</Placemark>
<Placemark>
<name>Punto 17</name><description>Radiacion: 11.74</description>
<styleUrl>#puntoEstilo_1</styleUrl>
<Point><altitudeMode>relativeToGround</altitudeMode><coordinates>-79.467770,-1.012653,0.00</coordinates></Point>
</Placemark>
<Placemark>
<name>Punto 18</name><description>Radiacion: 33.79</description>
<styleUrl>#puntoEstilo_212</styleUrl>
<Point><altitudeMode>relativeToGround</altitudeMode><coordinates>-79.467722,-1.012658,16.60</coordinates></Point>
</Placemark>
<Placemark>
<name>Punto 19</name><description>Radiacion: 35.83</description>
<styleUrl>#puntoEstilo_232</styleUrl>
<Point><altitudeMode>relativeToGround</altitudeMode><coordinates>-79.467674,-1.012668,18.14</coordinates></Point>
</Placemark>
<Placemark>
<name>Punto 20</name><description>Radiacion: 33.75</description>
<styleUrl>#puntoEstilo_212</styleUrl>
<Point><altitudeMode>relativeToGround</altitudeMode><coordinates>-79.467640,-1.012685,16.58</coordinates></Point>
</Placemark>
<Placemark>
<name>Punto 21</name><description>Radiacion: 28.22</description>
<styleUrl>#puntoEstilo_159</styleUrl>
<Point><altitudeMode>relativeToGround</altitudeMode><coordinates>-79.467595,-1.012699,12.41</coordinates></Point>
</Placemark>
<Placemark>
<name>Punto 22</name><description>Radiacion: 28.51</description>
<styleUrl>#puntoEstilo_161</styleUrl>
<Point><altitudeMode>relativeToGround</altitudeMode><coordinates>-79.467548,-1.012703,12.63</coordinates></Point>
</Placemark>
<Placemark>
<name>Punto 23</name><description>Radiacion: 34.48</description>
<styleUrl>#puntoEstilo_219</styleUrl>
<Point><altitudeMode>relativeToGround</altitudeMode><coordinates>-79.467503,-1.012714,17.12</coordinates></Point>
</Placemark>
<Placemark>
<name>Punto 24</name><description>Radiacion: 38.30</description>
<styleUrl>#puntoEstilo_256</styleUrl>
<Point><altitudeMode>relativeToGround</altitudeMode><coordinates>-79.467472,-1.012702,20.00</coordinates></Point>
</Placemark>
<Placemark>
<name>Punto 25</name><description>Radiacion: 31.66</description>
<styleUrl>#puntoEstilo_192</styleUrl>
<Point><altitudeMode>relativeToGround</altitudeMode><coordinates>-79.467426,-1.012708,15.00</coordinates></Point>
</Placemark>
<Placemark>
<name>Punto 26</name><description>Radiacion: 27.00</description>
<styleUrl>#puntoEstilo_147</styleUrl>
<Point><altitudeMode>relativeToGround</altitudeMode><coordinates>-79.467378,-1.012717,11.49</coordinates></Point>
</Placemark>
<Placemark>
<name>Punto 27</name><description>Radiacion: 35.33</description>
<styleUrl>#puntoEstilo_227</styleUrl>
<Point><altitudeMode>relativeToGround</altitudeMode><coordinates>-79.467336,-1.012689,17.76</coordinates></Point>
</Placemark>
<Placemark>
<name>Punto 28</name><description>Radiacion: 33.48</description>
<styleUrl>#puntoEstilo_209</styleUrl>
<Point><altitudeMode>relativeToGround</altitudeMode><coordinates>-79.467325,-1.012643,16.37</coordinates></Point>
</Placemark>
<Placemark>
<name>Punto 29</name><description>Radiacion: 28.16</description>
<styleUrl>#puntoEstilo_158</styleUrl>
<Point><altitudeMode>relativeToGround</altitudeMode><coordinates>-79.467339,-1.012599,12.37</coordinates></Point>
</Placemark>
<Placemark>
<name>Punto 30</name><description>Radiacion: 26.53</description>
<styleUrl>#puntoEstilo_142</styleUrl>
<Point><altitudeMode>relativeToGround</altitudeMode><coordinates>-79.467363,-1.012583,11.13</coordinates></Point>
</Placemark>
<Placemark>
<name>Punto 31</name><description>Radiacion: 27.07</description>
<styleUrl>#puntoEstilo_148</styleUrl>
<Point><altitudeMode>relativeToGround</altitudeMode><coordinates>-79.467395,-1.012581,11.54</coordinates></Point>
</Placemark>
<Placemark>
<name>Punto 32</name><description>Radiacion: 28.00</description>
<styleUrl>#puntoEstilo_157</styleUrl>
<Point><altitudeMode>relativeToGround</altitudeMode><coordinates>-79.467449,-1.012593,12.24</coordinates></Point>
</Placemark>
<Placemark>
<name>Punto 33</name><description>Radiacion: 29.31</description>
<styleUrl>#puntoEstilo_169</styleUrl>
<Point><altitudeMode>relativeToGround</altitudeMode><coordinates>-79.467490,-1.012603,13.23</coordinates></Point>
</Placemark>
<Placemark>
<name>Punto 34</name><description>Radiacion: 30.75</description>
<styleUrl>#puntoEstilo_183</styleUrl>
<Point><altitudeMode>relativeToGround</altitudeMode><coordinates>-79.467527,-1.012612,14.31</coordinates></Point>
</Placemark>
<Placemark>
<name>Punto 35</name><description>Radiacion: 32.84</description>
<styleUrl>#puntoEstilo_203</styleUrl>
<Point><altitudeMode>relativeToGround</altitudeMode><coordinates>-79.467566,-1.012596,15.89</coordinates></Point>
</Placemark>
<Placemark>
<name>Punto 36</name><description>Radiacion: 32.53</description>
<styleUrl>#puntoEstilo_200</styleUrl>
<Point><altitudeMode>relativeToGround</altitudeMode><coordinates>-79.467610,-1.012617,15.65</coordinates></Point>
</Placemark>
<Placemark>
<name>Punto 37</name><description>Radiacion: 32.02</description>
<styleUrl>#puntoEstilo_195</styleUrl>
<Point><altitudeMode>relativeToGround</altitudeMode><coordinates>-79.467647,-1.012619,15.27</coordinates></Point>
</Placemark>
<Placemark>
<name>Punto 38</name><description>Radiacion: 30.89</description>
<styleUrl>#puntoEstilo_184</styleUrl>
<Point><altitudeMode>relativeToGround</altitudeMode><coordinates>-79.467687,-1.012581,14.42</coordinates></Point>
</Placemark>
<Placemark>
<name>Punto 39</name><description>Radiacion: 30.83</description>
<styleUrl>#puntoEstilo_184</styleUrl>
<Point><altitudeMode>relativeToGround</altitudeMode><coordinates>-79.467727,-1.012554,14.37</coordinates></Point>
</Placemark>
<Placemark>
<name>Punto 40</name><description>Radiacion: 30.49</description>
<styleUrl>#puntoEstilo_181</styleUrl>
<Point><altitudeMode>relativeToGround</altitudeMode><coordinates>-79.467764,-1.012521,14.12</coordinates></Point>
</Placemark>
<Placemark>
<name>Punto 41</name><description>Radiacion: 31.27</description>
<styleUrl>#puntoEstilo_188</styleUrl>
<Point><altitudeMode>relativeToGround</altitudeMode><coordinates>-79.467809,-1.012495,14.70</coordinates></Point>
</Placemark>
<Placemark>
<name>Punto 42</name><description>Radiacion: 31.62</description>
<styleUrl>#puntoEstilo_191</styleUrl>
<Point><altitudeMode>relativeToGround</altitudeMode><coordinates>-79.467845,-1.012486,14.97</coordinates></Point>
</Placemark>
<Placemark>
<name>Punto 43</name><description>Radiacion: 29.66</description>
<styleUrl>#puntoEstilo_173</styleUrl>
<Point><altitudeMode>relativeToGround</altitudeMode><coordinates>-79.467882,-1.012485,13.49</coordinates></Point>
</Placemark>
<Placemark>
<name>Punto 44</name><description>Radiacion: 28.42</description>
<styleUrl>#puntoEstilo_161</styleUrl>
<Point><altitudeMode>relativeToGround</altitudeMode><coordinates>-79.467948,-1.012518,12.56</coordinates></Point>
</Placemark>
<Placemark>
<name>Punto 45</name><description>Radiacion: 25.27</description>
<styleUrl>#puntoEstilo_130</styleUrl>
<Point><altitudeMode>relativeToGround</altitudeMode><coordinates>-79.467994,-1.012542,10.19</coordinates></Point>
</Placemark>
<Placemark>
<name>Punto 46</name><description>Radiacion: 25.10</description>
<styleUrl>#puntoEstilo_129</styleUrl>
<Point><altitudeMode>relativeToGround</altitudeMode><coordinates>-79.468034,-1.012557,10.06</coordinates></Point>
</Placemark>
<Placemark>
<name>Punto 47</name><description>Radiacion: 26.89</description>
<styleUrl>#puntoEstilo_146</styleUrl>
<Point><altitudeMode>relativeToGround</altitudeMode><coordinates>-79.468077,-1.012557,11.41</coordinates></Point>
</Placemark>
<Placemark>
<name>Punto 48</name><description>Radiacion: 28.29</description>
<styleUrl>#puntoEstilo_159</styleUrl>
<Point><altitudeMode>relativeToGround</altitudeMode><coordinates>-79.468123,-1.012568,12.46</coordinates></Point>
</Placemark>
<Placemark>
<name>Punto 49</name><description>Radiacion: 29.53</description>
<styleUrl>#puntoEstilo_171</styleUrl>
<Point><altitudeMode>relativeToGround</altitudeMode><coordinates>-79.468167,-1.012553,13.40</coordinates></Point>
</Placemark>
<Placemark>
<name>Punto 50</name><description>Radiacion: 29.87</description>
<styleUrl>#puntoEstilo_175</styleUrl>
<Point><altitudeMode>relativeToGround</altitudeMode><coordinates>-79.468208,-1.012549,13.65</coordinates></Point>
</Placemark>
<Placemark>
<name>Punto 51</name><description>Radiacion: 29.91</description>
<styleUrl>#puntoEstilo_175</styleUrl>
<Point><altitudeMode>relativeToGround</altitudeMode><coordinates>-79.468201,-1.012558,13.69</coordinates></Point>
</Placemark>
<Placemark>
<name>Punto 52</name><description>Radiacion: 33.33</description>
<styleUrl>#puntoEstilo_208</styleUrl>
<Point><altitudeMode>relativeToGround</altitudeMode><coordinates>-79.468213,-1.012574,16.26</coordinates></Point>
</Placemark>
<Placemark>
<name>Punto 53</name><description>Radiacion: 32.45</description>
<styleUrl>#puntoEstilo_199</styleUrl>
<Point><altitudeMode>relativeToGround</altitudeMode><coordinates>-79.468212,-1.012569,15.59</coordinates></Point>
</Placemark>
<Placemark>
<name>Punto 54</name><description>Radiacion: 32.14</description>
<styleUrl>#puntoEstilo_196</styleUrl>
<Point><altitudeMode>relativeToGround</altitudeMode><coordinates>-79.468209,-1.012571,15.36</coordinates></Point>
</Placemark>
<Placemark>
<name>Punto 55</name><description>Radiacion: 32.09</description>
<styleUrl>#puntoEstilo_196</styleUrl>
<Point><altitudeMode>relativeToGround</altitudeMode><coordinates>-79.468215,-1.012575,15.32</coordinates></Point>
</Placemark>
<Placemark>
<name>Punto 56</name><description>Radiacion: 31.53</description>
<styleUrl>#puntoEstilo_190</styleUrl>
<Point><altitudeMode>relativeToGround</altitudeMode><coordinates>-79.468237,-1.012579,14.90</coordinates></Point>
</Placemark>
<Placemark>
<name>Punto 57</name><description>Radiacion: 30.64</description>
<styleUrl>#puntoEstilo_182</styleUrl>
<Point><altitudeMode>relativeToGround</altitudeMode><coordinates>-79.468300,-1.012594,14.23</coordinates></Point>
</Placemark>
<Placemark>
<name>Punto 58</name><description>Radiacion: 29.19</description>
<styleUrl>#puntoEstilo_168</styleUrl>
<Point><altitudeMode>relativeToGround</altitudeMode><coordinates>-79.468352,-1.012567,13.14</coordinates></Point>
</Placemark>
<Placemark>
<name>Punto 59</name><description>Radiacion: 28.36</description>
<styleUrl>#puntoEstilo_160</styleUrl>
<Point><altitudeMode>relativeToGround</altitudeMode><coordinates>-79.468397,-1.012568,12.51</coordinates></Point>
</Placemark>
<Placemark>
<name>Punto 60</name><description>Radiacion: 30.05</description>
<styleUrl>#puntoEstilo_176</styleUrl>
<Point><altitudeMode>relativeToGround</altitudeMode><coordinates>-79.468444,-1.012585,13.79</coordinates></Point>
</Placemark>
<Placemark>
<name>Punto 61</name><description>Radiacion: 31.18</description>
<styleUrl>#puntoEstilo_187</styleUrl>
<Point><altitudeMode>relativeToGround</altitudeMode><coordinates>-79.468492,-1.012589,14.63</coordinates></Point>
</Placemark>
<Placemark>
<name>Punto 62</name><description>Radiacion: 31.71</description>
<styleUrl>#puntoEstilo_192</styleUrl>
<Point><altitudeMode>relativeToGround</altitudeMode><coordinates>-79.468542,-1.012587,15.04</coordinates></Point>
</Placemark>
<Placemark>
<name>Punto 63</name><description>Radiacion: 31.78</description>
<styleUrl>#puntoEstilo_193</styleUrl>
<Point><altitudeMode>relativeToGround</altitudeMode><coordinates>-79.468583,-1.012582,15.09</coordinates></Point>
</Placemark>
<Placemark>
<name>Punto 64</name><description>Radiacion: 31.57</description>
<styleUrl>#puntoEstilo_191</styleUrl>
<Point><altitudeMode>relativeToGround</altitudeMode><coordinates>-79.468625,-1.012582,14.93</coordinates></Point>
</Placemark>
<Placemark>
<name>Punto 65</name><description>Radiacion: 31.28</description>
<styleUrl>#puntoEstilo_188</styleUrl>
<Point><altitudeMode>relativeToGround</altitudeMode><coordinates>-79.468656,-1.012557,14.71</coordinates></Point>
</Placemark>
<Placemark>
<name>Punto 66</name><description>Radiacion: 31.48</description>
<styleUrl>#puntoEstilo_190</styleUrl>
<Point><altitudeMode>relativeToGround</altitudeMode><coordinates>-79.468652,-1.012527,14.86</coordinates></Point>
</Placemark>
<Placemark>
<name>Punto 67</name><description>Radiacion: 31.77</description>
<styleUrl>#puntoEstilo_193</styleUrl>
<Point><altitudeMode>relativeToGround</altitudeMode><coordinates>-79.468688,-1.012495,15.08</coordinates></Point>
</Placemark>
<Placemark>
<name>Punto 68</name><description>Radiacion: 31.78</description>
<styleUrl>#puntoEstilo_193</styleUrl>
<Point><altitudeMode>relativeToGround</altitudeMode><coordinates>-79.468733,-1.012487,15.09</coordinates></Point>
</Placemark>
<Placemark>
<name>Punto 69</name><description>Radiacion: 31.78</description>
<styleUrl>#puntoEstilo_193</styleUrl>
<Point><altitudeMode>relativeToGround</altitudeMode><coordinates>-79.468780,-1.012482,15.09</coordinates></Point>
</Placemark>
<Placemark>
<name>Punto 70</name><description>Radiacion: 32.01</description>
<styleUrl>#puntoEstilo_195</styleUrl>
<Point><altitudeMode>relativeToGround</altitudeMode><coordinates>-79.468830,-1.012465,15.26</coordinates></Point>
</Placemark>
<Placemark>
<name>Punto 71</name><description>Radiacion: 31.93</description>
<styleUrl>#puntoEstilo_194</styleUrl>
<Point><altitudeMode>relativeToGround</altitudeMode><coordinates>-79.468876,-1.012443,15.20</coordinates></Point>
</Placemark>
<Placemark>
<name>Punto 72</name><description>Radiacion: 31.79</description>
<styleUrl>#puntoEstilo_193</styleUrl>
<Point><altitudeMode>relativeToGround</altitudeMode><coordinates>-79.468917,-1.012414,15.10</coordinates></Point>
</Placemark>
<Placemark>
<name>Punto 73</name><description>Radiacion: 31.41</description>
<styleUrl>#puntoEstilo_189</styleUrl>
<Point><altitudeMode>relativeToGround</altitudeMode><coordinates>-79.468975,-1.012415,14.81</coordinates></Point>
</Placemark>
<Placemark>
<name>Punto 74</name><description>Radiacion: 31.65</description>
<styleUrl>#puntoEstilo_192</styleUrl>
<Point><altitudeMode>relativeToGround</altitudeMode><coordinates>-79.469011,-1.012403,14.99</coordinates></Point>
</Placemark>
<Placemark>
<name>Punto 75</name><description>Radiacion: 31.78</description>
<styleUrl>#puntoEstilo_193</styleUrl>
<Point><altitudeMode>relativeToGround</altitudeMode><coordinates>-79.469044,-1.012392,15.09</coordinates></Point>
</Placemark>
<Placemark>
<name>Punto 76</name><description>Radiacion: 31.89</description>
<styleUrl>#puntoEstilo_194</styleUrl>
<Point><altitudeMode>relativeToGround</altitudeMode><coordinates>-79.469081,-1.012410,15.17</coordinates></Point>
</Placemark>
<Placemark>
<name>Punto 77</name><description>Radiacion: 31.88</description>
<styleUrl>#puntoEstilo_194</styleUrl>
<Point><altitudeMode>relativeToGround</altitudeMode><coordinates>-79.469123,-1.012416,15.17</coordinates></Point>
</Placemark>
<Placemark>
<name>Punto 78</name><description>Radiacion: 31.81</description>
<styleUrl>#puntoEstilo_193</styleUrl>
<Point><altitudeMode>relativeToGround</altitudeMode><coordinates>-79.469177,-1.012408,15.11</coordinates></Point>
</Placemark>
<Placemark>
<name>Punto 79</name><description>Radiacion: 31.79</description>
<styleUrl>#puntoEstilo_193</styleUrl>
<Point><altitudeMode>relativeToGround</altitudeMode><coordinates>-79.469223,-1.012431,15.10</coordinates></Point>
</Placemark>
<Placemark>
<name>Punto 80</name><description>Radiacion: 31.59</description>
<styleUrl>#puntoEstilo_191</styleUrl>
<Point><altitudeMode>relativeToGround</altitudeMode><coordinates>-79.469270,-1.012412,14.94</coordinates></Point>
</Placemark>
<Placemark>
<name>Punto 81</name><description>Radiacion: 31.77</description>
<styleUrl>#puntoEstilo_193</styleUrl>
<Point><altitudeMode>relativeToGround</altitudeMode><coordinates>-79.469306,-1.012397,15.08</coordinates></Point>
</Placemark>
<Placemark>
<name>Punto 82</name><description>Radiacion: 31.59</description>
<styleUrl>#puntoEstilo_191</styleUrl>
<Point><altitudeMode>relativeToGround</altitudeMode><coordinates>-79.469343,-1.012396,14.95</coordinates></Point>
</Placemark>
<Placemark>
<name>Punto 83</name><description>Radiacion: 31.27</description>
<styleUrl>#puntoEstilo_188</styleUrl>
<Point><altitudeMode>relativeToGround</altitudeMode><coordinates>-79.469387,-1.012376,14.71</coordinates></Point>
</Placemark>
<Placemark>
<name>Punto 84</name><description>Radiacion: 30.91</description>
<styleUrl>#puntoEstilo_185</styleUrl>
<Point><altitudeMode>relativeToGround</altitudeMode><coordinates>-79.469432,-1.012390,14.44</coordinates></Point>
</Placemark>
<Placemark>
<name>Punto 85</name><description>Radiacion: 30.91</description>
<styleUrl>#puntoEstilo_184</styleUrl>
<Point><altitudeMode>relativeToGround</altitudeMode><coordinates>-79.469479,-1.012398,14.43</coordinates></Point>
</Placemark>
<Placemark>
<name>Punto 86</name><description>Radiacion: 30.98</description>
<styleUrl>#puntoEstilo_185</styleUrl>
<Point><altitudeMode>relativeToGround</altitudeMode><coordinates>-79.469522,-1.012384,14.49</coordinates></Point>
</Placemark>
<Placemark>
<name>Punto 87</name><description>Radiacion: 31.12</description>
<styleUrl>#puntoEstilo_187</styleUrl>
<Point><altitudeMode>relativeToGround</altitudeMode><coordinates>-79.469562,-1.012372,14.60</coordinates></Point>
</Placemark>
<Placemark>
<name>Punto 88</name><description>Radiacion: 31.38</description>
<styleUrl>#puntoEstilo_189</styleUrl>
<Point><altitudeMode>relativeToGround</altitudeMode><coordinates>-79.469587,-1.012382,14.79</coordinates></Point>
</Placemark>
<Placemark>
<name>Punto 89</name><description>Radiacion: 30.81</description>
<styleUrl>#puntoEstilo_184</styleUrl>
<Point><altitudeMode>relativeToGround</altitudeMode><coordinates>-79.469598,-1.012388,14.36</coordinates></Point>
</Placemark>
<Placemark>
<name>Punto 90</name><description>Radiacion: 31.34</description>
<styleUrl>#puntoEstilo_189</styleUrl>
<Point><altitudeMode>relativeToGround</altitudeMode><coordinates>-79.469594,-1.012396,14.76</coordinates></Point>
</Placemark>
<Placemark>
<name>Punto 91</name><description>Radiacion: 31.09</description>
<styleUrl>#puntoEstilo_186</styleUrl>
<Point><altitudeMode>relativeToGround</altitudeMode><coordinates>-79.469578,-1.012396,14.57</coordinates></Point>
</Placemark>
<Placemark>
<name>Punto 92</name><description>Radiacion: 30.70</description>
<styleUrl>#puntoEstilo_183</styleUrl>
<Point><altitudeMode>relativeToGround</altitudeMode><coordinates>-79.469556,-1.012400,14.28</coordinates></Point>
</Placemark>
<Placemark>
<name>Punto 93</name><description>Radiacion: 31.46</description>
<styleUrl>#puntoEstilo_190</styleUrl>
<Point><altitudeMode>relativeToGround</altitudeMode><coordinates>-79.469552,-1.012399,14.85</coordinates></Point>
</Placemark>
<Placemark>
<name>Punto 94</name><description>Radiacion: 30.84</description>
<styleUrl>#puntoEstilo_184</styleUrl>
<Point><altitudeMode>relativeToGround</altitudeMode><coordinates>-79.469555,-1.012404,14.38</coordinates></Point>
</Placemark>
<Placemark>
<name>Punto 95</name><description>Radiacion: 30.76</description>
<styleUrl>#puntoEstilo_183</styleUrl>
<Point><altitudeMode>relativeToGround</altitudeMode><coordinates>-79.469558,-1.012404,14.32</coordinates></Point>
</Placemark>
<Placemark>
<name>Punto 96</name><description>Radiacion: 30.04</description>
<styleUrl>#puntoEstilo_176</styleUrl>
<Point><altitudeMode>relativeToGround</altitudeMode><coordinates>-79.469561,-1.012407,13.78</coordinates></Point>
</Placemark>
<Placemark>
<name>Punto 97</name><description>Radiacion: 29.46</description>
<styleUrl>#puntoEstilo_171</styleUrl>
<Point><altitudeMode>relativeToGround</altitudeMode><coordinates>-79.469549,-1.012412,13.34</coordinates></Point>
</Placemark>
<Placemark>
<name>Punto 98</name><description>Radiacion: 29.84</description>
<styleUrl>#puntoEstilo_174</styleUrl>
<Point><altitudeMode>relativeToGround</altitudeMode><coordinates>-79.469569,-1.012404,13.63</coordinates></Point>
</Placemark>
<Placemark>
<name>Punto 99</name><description>Radiacion: 30.33</description>
<styleUrl>#puntoEstilo_179</styleUrl>
<Point><altitudeMode>relativeToGround</altitudeMode><coordinates>-79.469561,-1.012404,14.00</coordinates></Point>
</Placemark>
<Placemark>
<name>Punto 100</name><description>Radiacion: 32.03</description>
<styleUrl>#puntoEstilo_195</styleUrl>
<Point><altitudeMode>relativeToGround</altitudeMode><coordinates>-79.469559,-1.012403,15.28</coordinates></Point>
</Placemark>
<Placemark>
<name>Punto 101</name><description>Radiacion: 30.51</description>
<styleUrl>#puntoEstilo_181</styleUrl>
<Point><altitudeMode>relativeToGround</altitudeMode><coordinates>-79.469556,-1.012408,14.14</coordinates></Point>
</Placemark>
<Placemark>
<name>Punto 102</name><description>Radiacion: 26.51</description>
<styleUrl>#puntoEstilo_142</styleUrl>
<Point><altitudeMode>relativeToGround</altitudeMode><coordinates>-79.469554,-1.012417,11.12</coordinates></Point>
</Placemark>
<Placemark>
<name>Punto 103</name><description>Radiacion: 27.84</description>
<styleUrl>#puntoEstilo_155</styleUrl>
<Point><altitudeMode>relativeToGround</altitudeMode><coordinates>-79.469557,-1.012406,12.12</coordinates></Point>
</Placemark>
<Placemark>
<name>Punto 104</name><description>Radiacion: 29.72</description>
<styleUrl>#puntoEstilo_173</styleUrl>
<Point><altitudeMode>relativeToGround</altitudeMode><coordinates>-79.469557,-1.012363,13.54</coordinates></Point>
</Placemark>
<Placemark>
<name>Punto 105</name><description>Radiacion: 30.27</description>
<styleUrl>#puntoEstilo_178</styleUrl>
<Point><altitudeMode>relativeToGround</altitudeMode><coordinates>-79.469566,-1.012298,13.95</coordinates></Point>
</Placemark>
<Placemark>
<name>Punto 106</name><description>Radiacion: 28.54</description>
<styleUrl>#puntoEstilo_162</styleUrl>
<Point><altitudeMode>relativeToGround</altitudeMode><coordinates>-79.469572,-1.012287,12.65</coordinates></Point>
</Placemark>
<Placemark>
<name>Punto 107</name><description>Radiacion: 22.74</description>
<styleUrl>#puntoEstilo_106</styleUrl>
<Point><altitudeMode>relativeToGround</altitudeMode><coordinates>-79.469576,-1.012329,8.28</coordinates></Point>
</Placemark>
<Placemark>
<name>Punto 108</name><description>Radiacion: 23.05</description>
<styleUrl>#puntoEstilo_109</styleUrl>
<Point><altitudeMode>relativeToGround</altitudeMode><coordinates>-79.469572,-1.012323,8.51</coordinates></Point>
</Placemark>
<Placemark>
<name>Punto 109</name><description>Radiacion: 22.85</description>
<styleUrl>#puntoEstilo_107</styleUrl>
<Point><altitudeMode>relativeToGround</altitudeMode><coordinates>-79.469599,-1.012316,8.37</coordinates></Point>
</Placemark>
<Placemark>
<name>Punto 110</name><description>Radiacion: 22.49</description>
<styleUrl>#puntoEstilo_104</styleUrl>
<Point><altitudeMode>relativeToGround</altitudeMode><coordinates>-79.469655,-1.012319,8.10</coordinates></Point>
</Placemark>
<Placemark>
<name>Punto 111</name><description>Radiacion: 24.47</description>
<styleUrl>#puntoEstilo_123</styleUrl>
<Point><altitudeMode>relativeToGround</altitudeMode><coordinates>-79.469722,-1.012346,9.58</coordinates></Point>
</Placemark>
<Placemark>
<name>Punto 112</name><description>Radiacion: 24.88</description>
<styleUrl>#puntoEstilo_127</styleUrl>
<Point><altitudeMode>relativeToGround</altitudeMode><coordinates>-79.469768,-1.012338,9.90</coordinates></Point>
</Placemark>
<Placemark>
<name>Punto 113</name><description>Radiacion: 23.47</description>
<styleUrl>#puntoEstilo_113</styleUrl>
<Point><altitudeMode>relativeToGround</altitudeMode><coordinates>-79.469810,-1.012365,8.83</coordinates></Point>
</Placemark>
<Placemark>
<name>Punto 114</name><description>Radiacion: 23.36</description>
<styleUrl>#puntoEstilo_112</styleUrl>
<Point><altitudeMode>relativeToGround</altitudeMode><coordinates>-79.469847,-1.012395,8.75</coordinates></Point>
</Placemark>
<Placemark>
<name>Punto 115</name><description>Radiacion: 22.79</description>
<styleUrl>#puntoEstilo_107</styleUrl>
<Point><altitudeMode>relativeToGround</altitudeMode><coordinates>-79.469895,-1.012422,8.32</coordinates></Point>
</Placemark>
<Placemark>
<name>Punto 116</name><description>Radiacion: 21.96</description>
<styleUrl>#puntoEstilo_99</styleUrl>
<Point><altitudeMode>relativeToGround</altitudeMode><coordinates>-79.469950,-1.012414,7.70</coordinates></Point>
</Placemark>
<Placemark>
<name>Punto 117</name><description>Radiacion: 22.46</description>
<styleUrl>#puntoEstilo_103</styleUrl>
<Point><altitudeMode>relativeToGround</altitudeMode><coordinates>-79.470025,-1.012393,8.08</coordinates></Point>
</Placemark>
<Placemark>
<name>Punto 118</name><description>Radiacion: 23.03</description>
<styleUrl>#puntoEstilo_109</styleUrl>
<Point><altitudeMode>relativeToGround</altitudeMode><coordinates>-79.470072,-1.012382,8.50</coordinates></Point>
</Placemark>
<Placemark>
<name>Punto 119</name><description>Radiacion: 23.05</description>
<styleUrl>#puntoEstilo_109</styleUrl>
<Point><altitudeMode>relativeToGround</altitudeMode><coordinates>-79.470105,-1.012385,8.51</coordinates></Point>
</Placemark>
<Placemark>
<name>Punto 120</name><description>Radiacion: 23.16</description>
<styleUrl>#puntoEstilo_110</styleUrl>
<Point><altitudeMode>relativeToGround</altitudeMode><coordinates>-79.470135,-1.012397,8.60</coordinates></Point>
</Placemark>
<Placemark>
<name>Punto 121</name><description>Radiacion: 22.90</description>
<styleUrl>#puntoEstilo_108</styleUrl>
<Point><altitudeMode>relativeToGround</altitudeMode><coordinates>-79.470174,-1.012406,8.40</coordinates></Point>
</Placemark>
<Placemark>
<name>Punto 122</name><description>Radiacion: 22.71</description>
<styleUrl>#puntoEstilo_106</styleUrl>
<Point><altitudeMode>relativeToGround</altitudeMode><coordinates>-79.470223,-1.012398,8.26</coordinates></Point>
</Placemark>
<Placemark>
<name>Punto 123</name><description>Radiacion: 22.96</description>
<styleUrl>#puntoEstilo_108</styleUrl>
<Point><altitudeMode>relativeToGround</altitudeMode><coordinates>-79.470264,-1.012389,8.45</coordinates></Point>
</Placemark>
<Placemark>
<name>Punto 124</name><description>Radiacion: 23.30</description>
<styleUrl>#puntoEstilo_111</styleUrl>
<Point><altitudeMode>relativeToGround</altitudeMode><coordinates>-79.470300,-1.012396,8.70</coordinates></Point>
</Placemark>
<Placemark>
<name>Punto 125</name><description>Radiacion: 22.91</description>
<styleUrl>#puntoEstilo_108</styleUrl>
<Point><altitudeMode>relativeToGround</altitudeMode><coordinates>-79.470336,-1.012395,8.41</coordinates></Point>
</Placemark>
<Placemark>
<name>Punto 126</name><description>Radiacion: 23.32</description>
<styleUrl>#puntoEstilo_112</styleUrl>
<Point><altitudeMode>relativeToGround</altitudeMode><coordinates>-79.470368,-1.012390,8.72</coordinates></Point>
</Placemark>
<Placemark>
<name>Punto 127</name><description>Radiacion: 22.75</description>
<styleUrl>#puntoEstilo_106</styleUrl>
<Point><altitudeMode>relativeToGround</altitudeMode><coordinates>-79.470415,-1.012371,8.29</coordinates></Point>
</Placemark>
<Placemark>
<name>Punto 128</name><description>Radiacion: 22.83</description>
<styleUrl>#puntoEstilo_107</styleUrl>
<Point><altitudeMode>relativeToGround</altitudeMode><coordinates>-79.470461,-1.012366,8.35</coordinates></Point>
</Placemark>
<Placemark>
<name>Punto 129</name><description>Radiacion: 23.54</description>
<styleUrl>#puntoEstilo_114</styleUrl>
<Point><altitudeMode>relativeToGround</altitudeMode><coordinates>-79.470500,-1.012370,8.88</coordinates></Point>
</Placemark>
<Placemark>
<name>Punto 130</name><description>Radiacion: 23.33</description>
<styleUrl>#puntoEstilo_112</styleUrl>
<Point><altitudeMode>relativeToGround</altitudeMode><coordinates>-79.470561,-1.012394,8.73</coordinates></Point>
</Placemark>
<Placemark>
<name>Punto 131</name><description>Radiacion: 23.50</description>
<styleUrl>#puntoEstilo_113</styleUrl>
<Point><altitudeMode>relativeToGround</altitudeMode><coordinates>-79.470601,-1.012403,8.85</coordinates></Point>
</Placemark>
<Placemark>
<name>Punto 132</name><description>Radiacion: 23.46</description>
<styleUrl>#puntoEstilo_113</styleUrl>
<Point><altitudeMode>relativeToGround</altitudeMode><coordinates>-79.470647,-1.012375,8.83</coordinates></Point>
</Placemark>
<Placemark>
<name>Punto 133</name><description>Radiacion: 22.69</description>
<styleUrl>#puntoEstilo_106</styleUrl>
<Point><altitudeMode>relativeToGround</altitudeMode><coordinates>-79.470692,-1.012364,8.24</coordinates></Point>
</Placemark>
<Placemark>
<name>Punto 134</name><description>Radiacion: 23.17</description>
<styleUrl>#puntoEstilo_110</styleUrl>
<Point><altitudeMode>relativeToGround</altitudeMode><coordinates>-79.470736,-1.012372,8.60</coordinates></Point>
</Placemark>
<Placemark>
<name>Punto 135</name><description>Radiacion: 22.65</description>
<styleUrl>#puntoEstilo_105</styleUrl>
<Point><altitudeMode>relativeToGround</altitudeMode><coordinates>-79.470776,-1.012387,8.21</coordinates></Point>
</Placemark>
<Placemark>
<name>Punto 136</name><description>Radiacion: 23.14</description>
<styleUrl>#puntoEstilo_110</styleUrl>
<Point><altitudeMode>relativeToGround</altitudeMode><coordinates>-79.470818,-1.012404,8.58</coordinates></Point>
</Placemark>
<Placemark>
<name>Punto 137</name><description>Radiacion: 23.02</description>
<styleUrl>#puntoEstilo_109</styleUrl>
<Point><altitudeMode>relativeToGround</altitudeMode><coordinates>-79.470868,-1.012415,8.49</coordinates></Point>
</Placemark>
<Placemark>
<name>Punto 138</name><description>Radiacion: 22.96</description>
<styleUrl>#puntoEstilo_108</styleUrl>
<Point><altitudeMode>relativeToGround</altitudeMode><coordinates>-79.470883,-1.012407,8.45</coordinates></Point>
</Placemark>
<Placemark>
<name>Punto 139</name><description>Radiacion: 22.81</description>
<styleUrl>#puntoEstilo_107</styleUrl>
<Point><altitudeMode>relativeToGround</altitudeMode><coordinates>-79.470936,-1.012418,8.34</coordinates></Point>
</Placemark>
<Placemark>
<name>Punto 140</name><description>Radiacion: 23.30</description>
<styleUrl>#puntoEstilo_112</styleUrl>
<Point><altitudeMode>relativeToGround</altitudeMode><coordinates>-79.470979,-1.012418,8.71</coordinates></Point>
</Placemark>
<Placemark>
<name>Punto 141</name><description>Radiacion: 22.83</description>
<styleUrl>#puntoEstilo_107</styleUrl>
<Point><altitudeMode>relativeToGround</altitudeMode><coordinates>-79.471044,-1.012412,8.35</coordinates></Point>
</Placemark>
<Placemark>
<name>Punto 142</name><description>Radiacion: 23.12</description>
<styleUrl>#puntoEstilo_110</styleUrl>
<Point><altitudeMode>relativeToGround</altitudeMode><coordinates>-79.471089,-1.012397,8.57</coordinates></Point>
</Placemark>
<Placemark>
<name>Punto 143</name><description>Radiacion: 22.15</description>
<styleUrl>#puntoEstilo_100</styleUrl>
<Point><altitudeMode>relativeToGround</altitudeMode><coordinates>-79.471137,-1.012388,7.84</coordinates></Point>
</Placemark>
<Placemark>
<name>Punto 144</name><description>Radiacion: 21.31</description>
<styleUrl>#puntoEstilo_92</styleUrl>
<Point><altitudeMode>relativeToGround</altitudeMode><coordinates>-79.471182,-1.012387,7.20</coordinates></Point>
</Placemark>
<Placemark>
<name>Punto 145</name><description>Radiacion: 22.15</description>
<styleUrl>#puntoEstilo_100</styleUrl>
<Point><altitudeMode>relativeToGround</altitudeMode><coordinates>-79.471215,-1.012372,7.84</coordinates></Point>
</Placemark>
<Placemark>
<name>Punto 146</name><description>Radiacion: 22.17</description>
<styleUrl>#puntoEstilo_101</styleUrl>
<Point><altitudeMode>relativeToGround</altitudeMode><coordinates>-79.471221,-1.012360,7.85</coordinates></Point>
</Placemark>
<Placemark>
<name>Punto 147</name><description>Radiacion: 22.44</description>
<styleUrl>#puntoEstilo_103</styleUrl>
<Point><altitudeMode>relativeToGround</altitudeMode><coordinates>-79.471235,-1.012355,8.06</coordinates></Point>
</Placemark>
<Placemark>
<name>Punto 148</name><description>Radiacion: 22.20</description>
<styleUrl>#puntoEstilo_101</styleUrl>
<Point><altitudeMode>relativeToGround</altitudeMode><coordinates>-79.471268,-1.012332,7.87</coordinates></Point>
</Placemark>
<Placemark>
<name>Punto 149</name><description>Radiacion: 21.83</description>
<styleUrl>#puntoEstilo_97</styleUrl>
<Point><altitudeMode>relativeToGround</altitudeMode><coordinates>-79.471277,-1.012339,7.59</coordinates></Point>
</Placemark>
<Placemark>
<name>Punto 150</name><description>Radiacion: 22.09</description>
<styleUrl>#puntoEstilo_100</styleUrl>
<Point><altitudeMode>relativeToGround</altitudeMode><coordinates>-79.471324,-1.012340,7.80</coordinates></Point>
</Placemark>
<Placemark>
<name>Punto 151</name><description>Radiacion: 22.51</description>
<styleUrl>#puntoEstilo_104</styleUrl>
<Point><altitudeMode>relativeToGround</altitudeMode><coordinates>-79.471374,-1.012338,8.11</coordinates></Point>
</Placemark>
<Placemark>
<name>Punto 152</name><description>Radiacion: 22.28</description>
<styleUrl>#puntoEstilo_102</styleUrl>
<Point><altitudeMode>relativeToGround</altitudeMode><coordinates>-79.471405,-1.012329,7.94</coordinates></Point>
</Placemark>
<Placemark>
<name>Punto 153</name><description>Radiacion: 21.48</description>
<styleUrl>#puntoEstilo_94</styleUrl>
<Point><altitudeMode>relativeToGround</altitudeMode><coordinates>-79.471467,-1.012324,7.34</coordinates></Point>
</Placemark>
<Placemark>
<name>Punto 154</name><description>Radiacion: 22.16</description>
<styleUrl>#puntoEstilo_101</styleUrl>
<Point><altitudeMode>relativeToGround</altitudeMode><coordinates>-79.471516,-1.012350,7.85</coordinates></Point>
</Placemark>
<Placemark>
<name>Punto 155</name><description>Radiacion: 23.01</description>
<styleUrl>#puntoEstilo_109</styleUrl>
<Point><altitudeMode>relativeToGround</altitudeMode><coordinates>-79.471533,-1.012377,8.49</coordinates></Point>
</Placemark>
<Placemark>
<name>Punto 156</name><description>Radiacion: 23.28</description>
<styleUrl>#puntoEstilo_111</styleUrl>
<Point><altitudeMode>relativeToGround</altitudeMode><coordinates>-79.471545,-1.012404,8.69</coordinates></Point>
</Placemark>
<Placemark>
<name>Punto 157</name><description>Radiacion: 23.15</description>
<styleUrl>#puntoEstilo_110</styleUrl>
<Point><altitudeMode>relativeToGround</altitudeMode><coordinates>-79.471576,-1.012352,8.59</coordinates></Point>
</Placemark>
<Placemark>
<name>Punto 158</name><description>Radiacion: 23.17</description>
<styleUrl>#puntoEstilo_110</styleUrl>
<Point><altitudeMode>relativeToGround</altitudeMode><coordinates>-79.471564,-1.012407,8.61</coordinates></Point>
</Placemark>
<Placemark>
<name>Punto 159</name><description>Radiacion: 22.63</description>
<styleUrl>#puntoEstilo_105</styleUrl>
<Point><altitudeMode>relativeToGround</altitudeMode><coordinates>-79.471547,-1.012481,8.20</coordinates></Point>
</Placemark>
<Placemark>
<name>Punto 160</name><description>Radiacion: 22.97</description>
<styleUrl>#puntoEstilo_108</styleUrl>
<Point><altitudeMode>relativeToGround</altitudeMode><coordinates>-79.471532,-1.012541,8.46</coordinates></Point>
</Placemark>
<Placemark>
<name>Punto 161</name><description>Radiacion: 23.30</description>
<styleUrl>#puntoEstilo_111</styleUrl>
<Point><altitudeMode>relativeToGround</altitudeMode><coordinates>-79.471510,-1.012572,8.70</coordinates></Point>
</Placemark>
<Placemark>
<name>Punto 162</name><description>Radiacion: 22.77</description>
<styleUrl>#puntoEstilo_106</styleUrl>
<Point><altitudeMode>relativeToGround</altitudeMode><coordinates>-79.471469,-1.012584,8.31</coordinates></Point>
</Placemark>
<Placemark>
<name>Punto 163</name><description>Radiacion: 22.48</description>
<styleUrl>#puntoEstilo_104</styleUrl>
<Point><altitudeMode>relativeToGround</altitudeMode><coordinates>-79.471434,-1.012595,8.09</coordinates></Point>
</Placemark>
<Placemark>
<name>Punto 164</name><description>Radiacion: 22.52</description>
<styleUrl>#puntoEstilo_104</styleUrl>
<Point><altitudeMode>relativeToGround</altitudeMode><coordinates>-79.471484,-1.012660,8.12</coordinates></Point>
</Placemark>
<Placemark>
<name>Punto 165</name><description>Radiacion: 22.23</description>
<styleUrl>#puntoEstilo_101</styleUrl>
<Point><altitudeMode>relativeToGround</altitudeMode><coordinates>-79.471432,-1.012705,7.90</coordinates></Point>
</Placemark>
<Placemark>
<name>Punto 166</name><description>Radiacion: 22.15</description>
<styleUrl>#puntoEstilo_100</styleUrl>
<Point><altitudeMode>relativeToGround</altitudeMode><coordinates>-79.471398,-1.012706,7.84</coordinates></Point>
</Placemark>
<Placemark>
<name>Punto 167</name><description>Radiacion: 22.48</description>
<styleUrl>#puntoEstilo_104</styleUrl>
<Point><altitudeMode>relativeToGround</altitudeMode><coordinates>-79.471356,-1.012719,8.09</coordinates></Point>
</Placemark>
<Placemark>
<name>Punto 168</name><description>Radiacion: 22.23</description>
<styleUrl>#puntoEstilo_101</styleUrl>
<Point><altitudeMode>relativeToGround</altitudeMode><coordinates>-79.471300,-1.012705,7.90</coordinates></Point>
</Placemark>
<Placemark>
<name>Punto 169</name><description>Radiacion: 22.75</description>
<styleUrl>#puntoEstilo_106</styleUrl>
<Point><altitudeMode>relativeToGround</altitudeMode><coordinates>-79.471250,-1.012701,8.29</coordinates></Point>
</Placemark>
<Placemark>
<name>Punto 170</name><description>Radiacion: 22.88</description>
<styleUrl>#puntoEstilo_107</styleUrl>
<Point><altitudeMode>relativeToGround</altitudeMode><coordinates>-79.471210,-1.012614,8.39</coordinates></Point>
</Placemark>
<Placemark>
<name>Punto 171</name><description>Radiacion: 23.04</description>
<styleUrl>#puntoEstilo_109</styleUrl>
<Point><altitudeMode>relativeToGround</altitudeMode><coordinates>-79.471193,-1.012550,8.51</coordinates></Point>
</Placemark>
<Placemark>
<name>Punto 172</name><description>Radiacion: 23.13</description>
<styleUrl>#puntoEstilo_110</styleUrl>
<Point><altitudeMode>relativeToGround</altitudeMode><coordinates>-79.471155,-1.012503,8.57</coordinates></Point>
</Placemark>
<Placemark>
<name>Punto 173</name><description>Radiacion: 23.01</description>
<styleUrl>#puntoEstilo_109</styleUrl>
<Point><altitudeMode>relativeToGround</altitudeMode><coordinates>-79.471080,-1.012490,8.48</coordinates></Point>
</Placemark>
<Placemark>
<name>Punto 174</name><description>Radiacion: 22.63</description>
<styleUrl>#puntoEstilo_105</styleUrl>
<Point><altitudeMode>relativeToGround</altitudeMode><coordinates>-79.471026,-1.012486,8.20</coordinates></Point>
</Placemark>
<Placemark>
<name>Punto 175</name><description>Radiacion: 22.03</description>
<styleUrl>#puntoEstilo_99</styleUrl>
<Point><altitudeMode>relativeToGround</altitudeMode><coordinates>-79.470973,-1.012485,7.75</coordinates></Point>
</Placemark>
<Placemark>
<name>Punto 176</name><description>Radiacion: 21.75</description>
<styleUrl>#puntoEstilo_97</styleUrl>
<Point><altitudeMode>relativeToGround</altitudeMode><coordinates>-79.470926,-1.012489,7.53</coordinates></Point>
</Placemark>
<Placemark>
<name>Punto 177</name><description>Radiacion: 21.57</description>
<styleUrl>#puntoEstilo_95</styleUrl>
<Point><altitudeMode>relativeToGround</altitudeMode><coordinates>-79.470890,-1.012510,7.41</coordinates></Point>
</Placemark>
<Placemark>
<name>Punto 178</name><description>Radiacion: 22.02</description>
<styleUrl>#puntoEstilo_99</styleUrl>
<Point><altitudeMode>relativeToGround</altitudeMode><coordinates>-79.470893,-1.012561,7.74</coordinates></Point>
</Placemark>
<Placemark>
<name>Punto 179</name><description>Radiacion: 22.98</description>
<styleUrl>#puntoEstilo_108</styleUrl>
<Point><altitudeMode>relativeToGround</altitudeMode><coordinates>-79.470936,-1.012653,8.46</coordinates></Point>
</Placemark>
<Placemark>
<name>Punto 180</name><description>Radiacion: 23.39</description>
<styleUrl>#puntoEstilo_112</styleUrl>
<Point><altitudeMode>relativeToGround</altitudeMode><coordinates>-79.470949,-1.012690,8.77</coordinates></Point>
</Placemark>
<Placemark>
<name>Punto 181</name><description>Radiacion: 23.57</description>
<styleUrl>#puntoEstilo_114</styleUrl>
<Point><altitudeMode>relativeToGround</altitudeMode><coordinates>-79.470954,-1.012727,8.91</coordinates></Point>
</Placemark>
<Placemark>
<name>Punto 182</name><description>Radiacion: 23.94</description>
<styleUrl>#puntoEstilo_118</styleUrl>
<Point><altitudeMode>relativeToGround</altitudeMode><coordinates>-79.471018,-1.012754,9.18</coordinates></Point>
</Placemark>
<Placemark>
<name>Punto 183</name><description>Radiacion: 24.44</description>
<styleUrl>#puntoEstilo_122</styleUrl>
<Point><altitudeMode>relativeToGround</altitudeMode><coordinates>-79.471012,-1.012786,9.56</coordinates></Point>
</Placemark>
<Placemark>
<name>Punto 184</name><description>Radiacion: 23.15</description>
<styleUrl>#puntoEstilo_110</styleUrl>
<Point><altitudeMode>relativeToGround</altitudeMode><coordinates>-79.471020,-1.012822,8.59</coordinates></Point>
</Placemark>
<Placemark>
<name>Punto 185</name><description>Radiacion: 21.85</description>
<styleUrl>#puntoEstilo_98</styleUrl>
<Point><altitudeMode>relativeToGround</altitudeMode><coordinates>-79.470909,-1.012813,7.61</coordinates></Point>
</Placemark>
<Placemark>
<name>Punto 186</name><description>Radiacion: 22.00</description>
<styleUrl>#puntoEstilo_99</styleUrl>
<Point><altitudeMode>relativeToGround</altitudeMode><coordinates>-79.470858,-1.012811,7.73</coordinates></Point>
</Placemark>
<Placemark>
<name>Punto 187</name><description>Radiacion: 21.73</description>
<styleUrl>#puntoEstilo_96</styleUrl>
<Point><altitudeMode>relativeToGround</altitudeMode><coordinates>-79.470817,-1.012800,7.52</coordinates></Point>
</Placemark>
<Placemark>
<name>Punto 188</name><description>Radiacion: 22.35</description>
<styleUrl>#puntoEstilo_102</styleUrl>
<Point><altitudeMode>relativeToGround</altitudeMode><coordinates>-79.470794,-1.012789,7.99</coordinates></Point>
</Placemark>
<Placemark>
<name>Punto 189</name><description>Radiacion: 22.72</description>
<styleUrl>#puntoEstilo_106</styleUrl>
<Point><altitudeMode>relativeToGround</altitudeMode><coordinates>-79.470773,-1.012763,8.27</coordinates></Point>
</Placemark>
<Placemark>
<name>Punto 190</name><description>Radiacion: 23.59</description>
<styleUrl>#puntoEstilo_114</styleUrl>
<Point><altitudeMode>relativeToGround</altitudeMode><coordinates>-79.470786,-1.012771,8.92</coordinates></Point>
</Placemark>
<Placemark>
<name>Punto 191</name><description>Radiacion: 24.21</description>
<styleUrl>#puntoEstilo_120</styleUrl>
<Point><altitudeMode>relativeToGround</altitudeMode><coordinates>-79.470783,-1.012771,9.39</coordinates></Point>
</Placemark>
<Placemark>
<name>Punto 192</name><description>Radiacion: 24.21</description>
<styleUrl>#puntoEstilo_120</styleUrl>
<Point><altitudeMode>relativeToGround</altitudeMode><coordinates>-79.470790,-1.012778,9.39</coordinates></Point>
</Placemark>
<Placemark>
<name>Punto 193</name><description>Radiacion: 23.21</description>
<styleUrl>#puntoEstilo_111</styleUrl>
<Point><altitudeMode>relativeToGround</altitudeMode><coordinates>-79.470818,-1.012798,8.64</coordinates></Point>
</Placemark>
<Placemark>
<name>Punto 194</name><description>Radiacion: 23.16</description>
<styleUrl>#puntoEstilo_110</styleUrl>
<Point><altitudeMode>relativeToGround</altitudeMode><coordinates>-79.470818,-1.012798,8.60</coordinates></Point>
</Placemark>
<Placemark>
<name>Punto 195</name><description>Radiacion: 23.26</description>
<styleUrl>#puntoEstilo_111</styleUrl>
<Point><altitudeMode>relativeToGround</altitudeMode><coordinates>-79.470818,-1.012798,8.67</coordinates></Point>
</Placemark>
<Placemark>
<name>Punto 196</name><description>Radiacion: 23.23</description>
<styleUrl>#puntoEstilo_111</styleUrl>
<Point><altitudeMode>relativeToGround</altitudeMode><coordinates>-79.470800,-1.012840,8.65</coordinates></Point>
</Placemark>
<Placemark>
<name>Punto 197</name><description>Radiacion: 23.16</description>
<styleUrl>#puntoEstilo_110</styleUrl>
<Point><altitudeMode>relativeToGround</altitudeMode><coordinates>-79.470798,-1.012843,8.60</coordinates></Point>
</Placemark>
<Placemark>
<name>Punto 198</name><description>Radiacion: 21.46</description>
<styleUrl>#puntoEstilo_94</styleUrl>
<Point><altitudeMode>relativeToGround</altitudeMode><coordinates>-79.470798,-1.012843,7.32</coordinates></Point>
</Placemark>
<Placemark>
<name>Punto 199</name><description>Radiacion: 21.14</description>
<styleUrl>#puntoEstilo_91</styleUrl>
<Point><altitudeMode>relativeToGround</altitudeMode><coordinates>-79.470798,-1.012843,7.08</coordinates></Point>
</Placemark>
<Placemark>
<name>Punto 200</name><description>Radiacion: 22.13</description>
<styleUrl>#puntoEstilo_100</styleUrl>
<Point><altitudeMode>relativeToGround</altitudeMode><coordinates>-79.470798,-1.012843,7.83</coordinates></Point>
</Placemark>
<Placemark>
<name>Punto 201</name><description>Radiacion: 16.91</description>
<styleUrl>#puntoEstilo_50</styleUrl>
<Point><altitudeMode>relativeToGround</altitudeMode><coordinates>-79.470754,-1.012835,3.89</coordinates></Point>
</Placemark>
<Placemark>
<name>Punto 202</name><description>Radiacion: 32.75</description>
<styleUrl>#puntoEstilo_202</styleUrl>
<Point><altitudeMode>relativeToGround</altitudeMode><coordinates>-79.470712,-1.012843,15.82</coordinates></Point>
</Placemark>
<Placemark>
<name>Punto 203</name><description>Radiacion: 27.11</description>
<styleUrl>#puntoEstilo_148</styleUrl>
<Point><altitudeMode>relativeToGround</altitudeMode><coordinates>-79.470677,-1.012842,11.58</coordinates></Point>
</Placemark>
<Placemark>
<name>Punto 204</name><description>Radiacion: 36.98</description>
<styleUrl>#puntoEstilo_243</styleUrl>
<Point><altitudeMode>relativeToGround</altitudeMode><coordinates>-79.470641,-1.012851,19.00</coordinates></Point>
</Placemark>
<Placemark>
<name>Punto 205</name><description>Radiacion: 32.96</description>
<styleUrl>#puntoEstilo_204</styleUrl>
<Point><altitudeMode>relativeToGround</altitudeMode><coordinates>-79.470593,-1.012847,15.98</coordinates></Point>
</Placemark>
<Placemark>
<name>Punto 206</name><description>Radiacion: 17.49</description>
<styleUrl>#puntoEstilo_56</styleUrl>
<Point><altitudeMode>relativeToGround</altitudeMode><coordinates>-79.470548,-1.012833,4.33</coordinates></Point>
</Placemark>
<Placemark>
<name>Punto 207</name><description>Radiacion: 13.46</description>
<styleUrl>#puntoEstilo_17</styleUrl>
<Point><altitudeMode>relativeToGround</altitudeMode><coordinates>-79.470502,-1.012831,1.30</coordinates></Point>
</Placemark>
<Placemark>
<name>Punto 208</name><description>Radiacion: 21.26</description>
<styleUrl>#puntoEstilo_92</styleUrl>
<Point><altitudeMode>relativeToGround</altitudeMode><coordinates>-79.470467,-1.012845,7.17</coordinates></Point>
</Placemark>
<Placemark>
<name>Punto 209</name><description>Radiacion: 14.08</description>
<styleUrl>#puntoEstilo_23</styleUrl>
<Point><altitudeMode>relativeToGround</altitudeMode><coordinates>-79.470445,-1.012858,1.76</coordinates></Point>
</Placemark>
<Placemark>
<name>Punto 210</name><description>Radiacion: 34.90</description>
<styleUrl>#puntoEstilo_223</styleUrl>
<Point><altitudeMode>relativeToGround</altitudeMode><coordinates>-79.470409,-1.012865,17.44</coordinates></Point>
</Placemark>
<Placemark>
<name>Punto 211</name><description>Radiacion: 14.26</description>
<styleUrl>#puntoEstilo_25</styleUrl>
<Point><altitudeMode>relativeToGround</altitudeMode><coordinates>-79.470373,-1.012857,1.90</coordinates></Point>
</Placemark>
<Placemark>
<name>Punto 212</name><description>Radiacion: 20.97</description>
<styleUrl>#puntoEstilo_89</styleUrl>
<Point><altitudeMode>relativeToGround</altitudeMode><coordinates>-79.470343,-1.012855,6.95</coordinates></Point>
</Placemark>
<Placemark>
<name>Punto 213</name><description>Radiacion: 16.76</description>
<styleUrl>#puntoEstilo_49</styleUrl>
<Point><altitudeMode>relativeToGround</altitudeMode><coordinates>-79.470310,-1.012866,3.78</coordinates></Point>
</Placemark>
<Placemark>
<name>Punto 214</name><description>Radiacion: 34.78</description>
<styleUrl>#puntoEstilo_222</styleUrl>
<Point><altitudeMode>relativeToGround</altitudeMode><coordinates>-79.470272,-1.012863,17.35</coordinates></Point>
</Placemark>
<Placemark>
<name>Punto 215</name><description>Radiacion: 26.38</description>
<styleUrl>#puntoEstilo_141</styleUrl>
<Point><altitudeMode>relativeToGround</altitudeMode><coordinates>-79.470229,-1.012869,11.03</coordinates></Point>
</Placemark>
<Placemark>
<name>Punto 216</name><description>Radiacion: 12.35</description>
<styleUrl>#puntoEstilo_6</styleUrl>
<Point><altitudeMode>relativeToGround</altitudeMode><coordinates>-79.470159,-1.012881,0.46</coordinates></Point>
</Placemark>
<Placemark>
<name>Punto 217</name><description>Radiacion: 23.25</description>
<styleUrl>#puntoEstilo_111</styleUrl>
<Point><altitudeMode>relativeToGround</altitudeMode><coordinates>-79.470114,-1.012887,8.66</coordinates></Point>
</Placemark>
<Placemark>
<name>Punto 218</name><description>Radiacion: 34.90</description>
<styleUrl>#puntoEstilo_223</styleUrl>
<Point><altitudeMode>relativeToGround</altitudeMode><coordinates>-79.470086,-1.012885,17.44</coordinates></Point>
</Placemark>
<Placemark>
<name>Punto 219</name><description>Radiacion: 35.15</description>
<styleUrl>#puntoEstilo_225</styleUrl>
<Point><altitudeMode>relativeToGround</altitudeMode><coordinates>-79.470044,-1.012889,17.63</coordinates></Point>
</Placemark>
<Placemark>
<name>Punto 220</name><description>Radiacion: 12.30</description>
<styleUrl>#puntoEstilo_6</styleUrl>
<Point><altitudeMode>relativeToGround</altitudeMode><coordinates>-79.470009,-1.012892,0.43</coordinates></Point>
</Placemark>
<Placemark>
<name>Punto 221</name><description>Radiacion: 12.92</description>
<styleUrl>#puntoEstilo_12</styleUrl>
<Point><altitudeMode>relativeToGround</altitudeMode><coordinates>-79.469983,-1.012891,0.89</coordinates></Point>
</Placemark>
<Placemark>
<name>Punto 222</name><description>Radiacion: 14.67</description>
<styleUrl>#puntoEstilo_29</styleUrl>
<Point><altitudeMode>relativeToGround</altitudeMode><coordinates>-79.469941,-1.012882,2.21</coordinates></Point>
</Placemark>
<Placemark>
<name>Punto 223</name><description>Radiacion: 12.92</description>
<styleUrl>#puntoEstilo_12</styleUrl>
<Point><altitudeMode>relativeToGround</altitudeMode><coordinates>-79.469902,-1.012899,0.89</coordinates></Point>
</Placemark>
<Placemark>
<name>Punto 224</name><description>Radiacion: 37.51</description>
<styleUrl>#puntoEstilo_248</styleUrl>
<Point><altitudeMode>relativeToGround</altitudeMode><coordinates>-79.469868,-1.012896,19.40</coordinates></Point>
</Placemark>
<Placemark>
<name>Punto 225</name><description>Radiacion: 13.96</description>
<styleUrl>#puntoEstilo_22</styleUrl>
<Point><altitudeMode>relativeToGround</altitudeMode><coordinates>-79.469833,-1.012907,1.67</coordinates></Point>
</Placemark>
<Placemark>
<name>Punto 226</name><description>Radiacion: 11.81</description>
<styleUrl>#puntoEstilo_1</styleUrl>
<Point><altitudeMode>relativeToGround</altitudeMode><coordinates>-79.469777,-1.012909,0.05</coordinates></Point>
</Placemark>
<Placemark>
<name>Punto 227</name><description>Radiacion: 29.99</description>
<styleUrl>#puntoEstilo_176</styleUrl>
<Point><altitudeMode>relativeToGround</altitudeMode><coordinates>-79.469732,-1.012915,13.74</coordinates></Point>
</Placemark>
<Placemark>
<name>Punto 228</name><description>Radiacion: 28.38</description>
<styleUrl>#puntoEstilo_160</styleUrl>
<Point><altitudeMode>relativeToGround</altitudeMode><coordinates>-79.469692,-1.012917,12.53</coordinates></Point>
</Placemark>
<Placemark>
<name>Punto 229</name><description>Radiacion: 23.95</description>
<styleUrl>#puntoEstilo_118</styleUrl>
<Point><altitudeMode>relativeToGround</altitudeMode><coordinates>-79.469655,-1.012923,9.20</coordinates></Point>
</Placemark>
<Placemark>
<name>Punto 230</name><description>Radiacion: 28.70</description>
<styleUrl>#puntoEstilo_163</styleUrl>
<Point><altitudeMode>relativeToGround</altitudeMode><coordinates>-79.469628,-1.012926,12.77</coordinates></Point>
</Placemark>
<Placemark>
<name>Punto 231</name><description>Radiacion: 25.10</description>
<styleUrl>#puntoEstilo_129</styleUrl>
<Point><altitudeMode>relativeToGround</altitudeMode><coordinates>-79.469583,-1.012934,10.06</coordinates></Point>
</Placemark>
<Placemark>
<name>Punto 232</name><description>Radiacion: 34.88</description>
<styleUrl>#puntoEstilo_223</styleUrl>
<Point><altitudeMode>relativeToGround</altitudeMode><coordinates>-79.469540,-1.012935,17.42</coordinates></Point>
</Placemark>
<Placemark>
<name>Punto 233</name><description>Radiacion: 26.53</description>
<styleUrl>#puntoEstilo_143</styleUrl>
<Point><altitudeMode>relativeToGround</altitudeMode><coordinates>-79.469507,-1.012934,11.14</coordinates></Point>
</Placemark>
<Placemark>
<name>Punto 234</name><description>Radiacion: 18.29</description>
<styleUrl>#puntoEstilo_63</styleUrl>
<Point><altitudeMode>relativeToGround</altitudeMode><coordinates>-79.469462,-1.012933,4.93</coordinates></Point>
</Placemark>
<Placemark>
<name>Punto 235</name><description>Radiacion: 14.19</description>
<styleUrl>#puntoEstilo_24</styleUrl>
<Point><altitudeMode>relativeToGround</altitudeMode><coordinates>-79.469430,-1.012936,1.85</coordinates></Point>
</Placemark>
<Placemark>
<name>Punto 236</name><description>Radiacion: 24.95</description>
<styleUrl>#puntoEstilo_127</styleUrl>
<Point><altitudeMode>relativeToGround</altitudeMode><coordinates>-79.469398,-1.012938,9.95</coordinates></Point>
</Placemark>
<Placemark>
<name>Punto 237</name><description>Radiacion: 35.28</description>
<styleUrl>#puntoEstilo_226</styleUrl>
<Point><altitudeMode>relativeToGround</altitudeMode><coordinates>-79.469348,-1.012931,17.72</coordinates></Point>
</Placemark>
<Placemark>
<name>Punto 238</name><description>Radiacion: 20.89</description>
<styleUrl>#puntoEstilo_88</styleUrl>
<Point><altitudeMode>relativeToGround</altitudeMode><coordinates>-79.469305,-1.012938,6.89</coordinates></Point>
</Placemark>
<Placemark>
<name>Punto 239</name><description>Radiacion: 33.52</description>
<styleUrl>#puntoEstilo_210</styleUrl>
<Point><altitudeMode>relativeToGround</altitudeMode><coordinates>-79.469266,-1.012935,16.40</coordinates></Point>
</Placemark>
<Placemark>
<name>Punto 240</name><description>Radiacion: 18.10</description>
<styleUrl>#puntoEstilo_62</styleUrl>
<Point><altitudeMode>relativeToGround</altitudeMode><coordinates>-79.469230,-1.012937,4.79</coordinates></Point>
</Placemark>
<Placemark>
<name>Punto 241</name><description>Radiacion: 23.83</description>
<styleUrl>#puntoEstilo_117</styleUrl>
<Point><altitudeMode>relativeToGround</altitudeMode><coordinates>-79.469173,-1.012947,9.10</coordinates></Point>
</Placemark>
<Placemark>
<name>Punto 242</name><description>Radiacion: 36.59</description>
<styleUrl>#puntoEstilo_239</styleUrl>
<Point><altitudeMode>relativeToGround</altitudeMode><coordinates>-79.469132,-1.012950,18.71</coordinates></Point>
</Placemark>
<Placemark>
<name>Punto 243</name><description>Radiacion: 21.84</description>
<styleUrl>#puntoEstilo_97</styleUrl>
<Point><altitudeMode>relativeToGround</altitudeMode><coordinates>-79.469097,-1.012950,7.61</coordinates></Point>
</Placemark>
<Placemark>
<name>Punto 244</name><description>Radiacion: 24.84</description>
<styleUrl>#puntoEstilo_126</styleUrl>
<Point><altitudeMode>relativeToGround</altitudeMode><coordinates>-79.469056,-1.012945,9.86</coordinates></Point>
</Placemark>
<Placemark>
<name>Punto 245</name><description>Radiacion: 33.79</description>
<styleUrl>#puntoEstilo_212</styleUrl>
<Point><altitudeMode>relativeToGround</altitudeMode><coordinates>-79.469013,-1.012956,16.60</coordinates></Point>
</Placemark>
<Placemark>
<name>Punto 246</name><description>Radiacion: 25.94</description>
<styleUrl>#puntoEstilo_137</styleUrl>
<Point><altitudeMode>relativeToGround</altitudeMode><coordinates>-79.468973,-1.012960,10.69</coordinates></Point>
</Placemark>
<Placemark>
<name>Punto 247</name><description>Radiacion: 32.03</description>
<styleUrl>#puntoEstilo_195</styleUrl>
<Point><altitudeMode>relativeToGround</altitudeMode><coordinates>-79.468949,-1.012967,15.28</coordinates></Point>
</Placemark>
<Placemark>
<name>Punto 248</name><description>Radiacion: 15.84</description>
<styleUrl>#puntoEstilo_40</styleUrl>
<Point><altitudeMode>relativeToGround</altitudeMode><coordinates>-79.468896,-1.012970,3.08</coordinates></Point>
</Placemark>
<Placemark>
<name>Punto 249</name><description>Radiacion: 22.98</description>
<styleUrl>#puntoEstilo_108</styleUrl>
<Point><altitudeMode>relativeToGround</altitudeMode><coordinates>-79.468867,-1.012986,8.47</coordinates></Point>
</Placemark>
<Placemark>
<name>Punto 250</name><description>Radiacion: 30.50</description>
<styleUrl>#puntoEstilo_181</styleUrl>
<Point><altitudeMode>relativeToGround</altitudeMode><coordinates>-79.468835,-1.012993,14.12</coordinates></Point>
</Placemark>
<Placemark>
<name>Punto 251</name><description>Radiacion: 21.38</description>
<styleUrl>#puntoEstilo_93</styleUrl>
<Point><altitudeMode>relativeToGround</altitudeMode><coordinates>-79.468786,-1.012988,7.26</coordinates></Point>
</Placemark>
<Placemark>
<name>Punto 252</name><description>Radiacion: 35.56</description>
<styleUrl>#puntoEstilo_229</styleUrl>
<Point><altitudeMode>relativeToGround</altitudeMode><coordinates>-79.468742,-1.012981,17.93</coordinates></Point>
</Placemark>
<Placemark>
<name>Punto 253</name><description>Radiacion: 20.61</description>
<styleUrl>#puntoEstilo_86</styleUrl>
<Point><altitudeMode>relativeToGround</altitudeMode><coordinates>-79.468690,-1.012980,6.68</coordinates></Point>
</Placemark>
<Placemark>
<name>Punto 254</name><description>Radiacion: 31.69</description>
<styleUrl>#puntoEstilo_192</styleUrl>
<Point><altitudeMode>relativeToGround</altitudeMode><coordinates>-79.468647,-1.012977,15.02</coordinates></Point>
</Placemark>
<Placemark>
<name>Punto 255</name><description>Radiacion: 30.21</description>
<styleUrl>#puntoEstilo_178</styleUrl>
<Point><altitudeMode>relativeToGround</altitudeMode><coordinates>-79.468595,-1.012975,13.90</coordinates></Point>
</Placemark>
<Placemark>
<name>Punto 256</name><description>Radiacion: 12.34</description>
<styleUrl>#puntoEstilo_6</styleUrl>
<Point><altitudeMode>relativeToGround</altitudeMode><coordinates>-79.468540,-1.012987,0.45</coordinates></Point>
</Placemark>
<Placemark>
<name>Punto 257</name><description>Radiacion: 34.81</description>
<styleUrl>#puntoEstilo_222</styleUrl>
<Point><altitudeMode>relativeToGround</altitudeMode><coordinates>-79.468491,-1.012990,17.37</coordinates></Point>
</Placemark>
<Placemark>
<name>Punto 258</name><description>Radiacion: 13.06</description>
<styleUrl>#puntoEstilo_13</styleUrl>
<Point><altitudeMode>relativeToGround</altitudeMode><coordinates>-79.468439,-1.012985,1.00</coordinates></Point>
</Placemark>
<Placemark>
<name>Punto 259</name><description>Radiacion: 30.51</description>
<styleUrl>#puntoEstilo_181</styleUrl>
<Point><altitudeMode>relativeToGround</altitudeMode><coordinates>-79.468401,-1.013004,14.13</coordinates></Point>
</Placemark>
<Placemark>
<name>Punto 260</name><description>Radiacion: 35.26</description>
<styleUrl>#puntoEstilo_226</styleUrl>
<Point><altitudeMode>relativeToGround</altitudeMode><coordinates>-79.468369,-1.013017,17.71</coordinates></Point>
</Placemark>
<Placemark>
<name>Punto 261</name><description>Radiacion: 27.63</description>
<styleUrl>#puntoEstilo_153</styleUrl>
<Point><altitudeMode>relativeToGround</altitudeMode><coordinates>-79.468330,-1.013032,11.97</coordinates></Point>
</Placemark>
<Placemark>
<name>Punto 262</name><description>Radiacion: 33.73</description>
<styleUrl>#puntoEstilo_212</styleUrl>
<Point><altitudeMode>relativeToGround</altitudeMode><coordinates>-79.468291,-1.013045,16.56</coordinates></Point>
</Placemark>
<Placemark>
<name>Punto 263</name><description>Radiacion: 20.30</description>
<styleUrl>#puntoEstilo_83</styleUrl>
<Point><altitudeMode>relativeToGround</altitudeMode><coordinates>-79.468249,-1.013054,6.45</coordinates></Point>
</Placemark>
<Placemark>
<name>Punto 264</name><description>Radiacion: 27.93</description>
<styleUrl>#puntoEstilo_156</styleUrl>
<Point><altitudeMode>relativeToGround</altitudeMode><coordinates>-79.468213,-1.013039,12.19</coordinates></Point>
</Placemark>
<Placemark>
<name>Punto 265</name><description>Radiacion: 33.50</description>
<styleUrl>#puntoEstilo_209</styleUrl>
<Point><altitudeMode>relativeToGround</altitudeMode><coordinates>-79.468185,-1.013049,16.38</coordinates></Point>
</Placemark>
</Folder>
<Placemark><name>Trayectoria</name><styleUrl>#lineaRecorrido</styleUrl><LineString><tessellate>1</tessellate><altitudeMode>relativeToGround</altitudeMode><coordinates>
-79.468185,-1.013049,50.00
-79.468146,-1.013033,50.00
-79.468113,-1.012994,50.00
-79.468086,-1.012963,50.00
-79.468049,-1.012957,50.00
-79.468009,-1.012932,50.00
-79.467978,-1.012892,50.00
-79.467969,-1.012872,50.00
-79.467935,-1.012861,50.00
-79.467927,-1.012818,50.00
-79.467916,-1.012782,50.00
-79.467891,-1.012751,50.00
-79.467868,-1.012726,50.00
-79.467846,-1.012684,50.00
-79.467822,-1.012672,50.00
-79.467794,-1.012661,50.00
-79.467770,-1.012653,50.00
-79.467722,-1.012658,50.00
-79.467674,-1.012668,50.00
-79.467640,-1.012685,50.00
-79.467595,-1.012699,50.00
-79.467548,-1.012703,50.00
-79.467503,-1.012714,50.00
-79.467472,-1.012702,50.00
-79.467426,-1.012708,50.00
-79.467378,-1.012717,50.00
-79.467336,-1.012689,50.00
-79.467325,-1.012643,50.00
-79.467339,-1.012599,50.00
-79.467363,-1.012583,50.00
-79.467395,-1.012581,50.00
-79.467449,-1.012593,50.00
-79.467490,-1.012603,50.00
-79.467527,-1.012612,50.00
-79.467566,-1.012596,50.00
-79.467610,-1.012617,50.00
-79.467647,-1.012619,50.00
-79.467687,-1.012581,50.00
-79.467727,-1.012554,50.00
-79.467764,-1.012521,50.00
-79.467809,-1.012495,50.00
-79.467845,-1.012486,50.00
-79.467882,-1.012485,50.00
-79.467948,-1.012518,50.00
-79.467994,-1.012542,50.00
-79.468034,-1.012557,50.00
-79.468077,-1.012557,50.00
-79.468123,-1.012568,50.00
-79.468167,-1.012553,50.00
-79.468208,-1.012549,50.00
-79.468201,-1.012558,50.00
-79.468213,-1.012574,50.00
-79.468212,-1.012569,50.00
-79.468209,-1.012571,50.00
-79.468215,-1.012575,50.00
-79.468237,-1.012579,50.00
-79.468300,-1.012594,50.00
-79.468352,-1.012567,50.00
-79.468397,-1.012568,50.00
-79.468444,-1.012585,50.00
-79.468492,-1.012589,50.00
-79.468542,-1.012587,50.00
-79.468583,-1.012582,50.00
-79.468625,-1.012582,50.00
-79.468656,-1.012557,50.00
-79.468652,-1.012527,50.00
-79.468688,-1.012495,50.00
-79.468733,-1.012487,50.00
-79.468780,-1.012482,50.00
-79.468830,-1.012465,50.00
-79.468876,-1.012443,50.00
-79.468917,-1.012414,50.00
-79.468975,-1.012415,50.00
-79.469011,-1.012403,50.00
-79.469044,-1.012392,50.00
-79.469081,-1.012410,50.00
-79.469123,-1.012416,50.00
-79.469177,-1.012408,50.00
-79.469223,-1.012431,50.00
-79.469270,-1.012412,50.00
-79.469306,-1.012397,50.00
-79.469343,-1.012396,50.00
-79.469387,-1.012376,50.00
-79.469432,-1.012390,50.00
-79.469479,-1.012398,50.00
-79.469522,-1.012384,50.00
-79.469562,-1.012372,50.00
-79.469587,-1.012382,50.00
-79.469598,-1.012388,50.00
-79.469594,-1.012396,50.00
-79.469578,-1.012396,50.00
-79.469556,-1.012400,50.00
-79.469552,-1.012399,50.00
-79.469555,-1.012404,50.00
-79.469558,-1.012404,50.00
-79.469561,-1.012407,50.00
-79.469549,-1.012412,50.00
-79.469569,-1.012404,50.00
-79.469561,-1.012404,50.00
-79.469559,-1.012403,50.00
-79.469556,-1.012408,50.00
-79.469554,-1.012417,50.00
-79.469557,-1.012406,50.00
-79.469557,-1.012363,50.00
-79.469566,-1.012298,50.00
-79.469572,-1.012287,50.00
-79.469576,-1.012329,50.00
-79.469572,-1.012323,50.00
-79.469599,-1.012316,50.00
-79.469655,-1.012319,50.00
-79.469722,-1.012346,50.00
-79.469768,-1.012338,50.00
-79.469810,-1.012365,50.00
-79.469847,-1.012395,50.00
-79.469895,-1.012422,50.00
-79.469950,-1.012414,50.00
-79.470025,-1.012393,50.00
-79.470072,-1.012382,50.00
-79.470105,-1.012385,50.00
-79.470135,-1.012397,50.00
-79.470174,-1.012406,50.00
-79.470223,-1.012398,50.00
-79.470264,-1.012389,50.00
-79.470300,-1.012396,50.00
-79.470336,-1.012395,50.00
-79.470368,-1.012390,50.00
-79.470415,-1.012371,50.00
-79.470461,-1.012366,50.00
-79.470500,-1.012370,50.00
-79.470561,-1.012394,50.00
-79.470601,-1.012403,50.00
-79.470647,-1.012375,50.00
-79.470692,-1.012364,50.00
-79.470736,-1.012372,50.00
-79.470776,-1.012387,50.00
-79.470818,-1.012404,50.00
-79.470868,-1.012415,50.00
-79.470883,-1.012407,50.00
-79.470936,-1.012418,50.00
-79.470979,-1.012418,50.00
-79.471044,-1.012412,50.00
-79.471089,-1.012397,50.00
-79.471137,-1.012388,50.00
-79.471182,-1.012387,50.00
-79.471215,-1.012372,50.00
-79.471221,-1.012360,50.00
-79.471235,-1.012355,50.00
-79.471268,-1.012332,50.00
-79.471277,-1.012339,50.00
-79.471324,-1.012340,50.00
-79.471374,-1.012338,50.00
-79.471405,-1.012329,50.00
-79.471467,-1.012324,50.00
-79.471516,-1.012350,50.00
-79.471533,-1.012377,50.00
-79.471545,-1.012404,50.00
-79.471576,-1.012352,50.00
-79.471564,-1.012407,50.00
-79.471547,-1.012481,50.00
-79.471532,-1.012541,50.00
-79.471510,-1.012572,50.00
-79.471469,-1.012584,50.00
-79.471434,-1.012595,50.00
-79.471484,-1.012660,50.00
-79.471432,-1.012705,50.00
-79.471398,-1.012706,50.00
-79.471356,-1.012719,50.00
-79.471300,-1.012705,50.00
-79.471250,-1.012701,50.00
-79.471210,-1.012614,50.00
-79.471193,-1.012550,50.00
-79.471155,-1.012503,50.00
-79.471080,-1.012490,50.00
-79.471026,-1.012486,50.00
-79.470973,-1.012485,50.00
-79.470926,-1.012489,50.00
-79.470890,-1.012510,50.00
-79.470893,-1.012561,50.00
-79.470936,-1.012653,50.00
-79.470949,-1.012690,50.00
-79.470954,-1.012727,50.00
-79.471018,-1.012754,50.00
-79.471012,-1.012786,50.00
-79.471020,-1.012822,50.00
-79.470909,-1.012813,50.00
-79.470858,-1.012811,50.00
-79.470817,-1.012800,50.00
-79.470794,-1.012789,50.00
-79.470773,-1.012763,50.00
-79.470786,-1.012771,50.00
-79.470783,-1.012771,50.00
-79.470790,-1.012778,50.00
-79.470818,-1.012798,50.00
-79.470818,-1.012798,50.00
-79.470818,-1.012798,50.00
-79.470800,-1.012840,50.00
-79.470798,-1.012843,50.00
-79.470798,-1.012843,50.00
-79.470798,-1.012843,50.00
-79.470798,-1.012843,50.00
-79.470754,-1.012835,50.00
-79.470712,-1.012843,50.00
-79.470677,-1.012842,50.00
-79.470641,-1.012851,50.00
-79.470593,-1.012847,50.00
-79.470548,-1.012833,50.00
-79.470502,-1.012831,50.00
-79.470467,-1.012845,50.00
-79.470445,-1.012858,50.00
-79.470409,-1.012865,50.00
-79.470373,-1.012857,50.00
-79.470343,-1.012855,50.00
-79.470310,-1.012866,50.00
-79.470272,-1.012863,50.00
-79.470229,-1.012869,50.00
-79.470159,-1.012881,50.00
-79.470114,-1.012887,50.00
-79.470086,-1.012885,50.00
-79.470044,-1.012889,50.00
-79.470009,-1.012892,50.00
-79.469983,-1.012891,50.00
-79.469941,-1.012882,50.00
-79.469902,-1.012899,50.00
-79.469868,-1.012896,50.00
-79.469833,-1.012907,50.00
-79.469777,-1.012909,50.00
-79.469732,-1.012915,50.00
-79.469692,-1.012917,50.00
-79.469655,-1.012923,50.00
-79.469628,-1.012926,50.00
-79.469583,-1.012934,50.00
-79.469540,-1.012935,50.00
-79.469507,-1.012934,50.00
-79.469462,-1.012933,50.00
-79.469430,-1.012936,50.00
-79.469398,-1.012938,50.00
-79.469348,-1.012931,50.00
-79.469305,-1.012938,50.00
-79.469266,-1.012935,50.00
-79.469230,-1.012937,50.00
-79.469173,-1.012947,50.00
-79.469132,-1.012950,50.00
-79.469097,-1.012950,50.00
-79.469056,-1.012945,50.00
-79.469013,-1.012956,50.00
-79.468973,-1.012960,50.00
-79.468949,-1.012967,50.00
-79.468896,-1.012970,50.00
-79.468867,-1.012986,50.00
-79.468835,-1.012993,50.00
-79.468786,-1.012988,50.00
-79.468742,-1.012981,50.00
-79.468690,-1.012980,50.00
-79.468647,-1.012977,50.00
-79.468595,-1.012975,50.00
-79.468540,-1.012987,50.00
-79.468491,-1.012990,50.00
-79.468439,-1.012985,50.00
-79.468401,-1.013004,50.00
-79.468369,-1.013017,50.00
-79.468330,-1.013032,50.00
-79.468291,-1.013045,50.00
-79.468249,-1.013054,50.00
-79.468213,-1.013039,50.00
-79.468185,-1.013049,50.00
</coordinates></LineString></Placemark>
</Document>
</kml>
